{"envelope":{"feature":{"type":"Feature", "geometry":{"type":"LineString", "coordinates":[[-122.2637558, 37.5206187], [-122.2428131, 37.5020318]]}, "properties":{"urlpubtimedate":"2017-05-24T06:00:00Z", "name":"Hwy 101", "urltone":-0.6, "domain":"4-traders.com", "urllangcode":"eng", "urlsocialimage":"", "url":"http://www.4-traders.com/MORPHOSYS-AG-436425/news/DGAP-News-MorphoSys-to-Present-at-Three-Upcoming-Conferences-24475712/", "geores":4, "mentionedthemes":";TAX_DISEASE_DISEASES;WB_1406_DISEASES;WB_621_HEALTH_NUTRITION_AND_POPULATION;UNGP_HEALTHCARE;TAX_FNCACT_EXECUTIVE_OFFICER;TAX_FNCACT_CHIEF_EXECUTIVE_OFFICER;TAX_MILITARY_TITLE_OFFICER;TAX_FNCACT_OFFICER;TAX_FNCACT_EXECUTIVE_OFFICER;TAX_FNCACT_CHIEF_EXECUTIVE_OFFICER;TAX_MILITARY_TITLE_OFFICER;TAX_FNCACT_OFFICER;TAX_FNCACT_EXECUTIVE;TAX_FNCACT_CHIEF_EXECUTIVE;TAX_FNCACT_EXECUTIVE;TAX_FNCACT_CHIEF_EXECUTIVE;TAX_FNCACT_PRESENTER;TAX_FNCACT_PRESENTER;TAX_FNCACT_CHIEF;TAX_FNCACT_CHIEF;CRISISLEX_T02_INJURED;", "mentionednames":";Palos_Verdes;Morphosys_Morphosys;Simon_Moroney;Simon_Moroney;", "OBJECTID":3237}}, "ctsRegion":"LINESTRING(-122.26376 37.520619,-122.24281 37.502032)"}}