{"envelope":{"feature":{"type":"Feature", "geometry":{"type":"LineString", "coordinates":[[-122.2598934, 37.5096578], [-122.2551727, 37.5148321], [-122.2536278, 37.5172148], [-122.2523403, 37.5185083], [-122.2520828, 37.5202102]]}, "properties":{"urlpubtimedate":"2017-05-24T06:00:00Z", "name":"Holly St", "urltone":-0.6, "domain":"4-traders.com", "urllangcode":"eng", "urlsocialimage":"", "url":"http://www.4-traders.com/MORPHOSYS-AG-436425/news/DGAP-News-MorphoSys-to-Present-at-Three-Upcoming-Conferences-24475712/", "geores":4, "mentionedthemes":";TAX_DISEASE_DISEASES;WB_1406_DISEASES;WB_621_HEALTH_NUTRITION_AND_POPULATION;UNGP_HEALTHCARE;TAX_FNCACT_EXECUTIVE_OFFICER;TAX_FNCACT_CHIEF_EXECUTIVE_OFFICER;TAX_MILITARY_TITLE_OFFICER;TAX_FNCACT_OFFICER;TAX_FNCACT_EXECUTIVE_OFFICER;TAX_FNCACT_CHIEF_EXECUTIVE_OFFICER;TAX_MILITARY_TITLE_OFFICER;TAX_FNCACT_OFFICER;TAX_FNCACT_EXECUTIVE;TAX_FNCACT_CHIEF_EXECUTIVE;TAX_FNCACT_EXECUTIVE;TAX_FNCACT_CHIEF_EXECUTIVE;TAX_FNCACT_PRESENTER;TAX_FNCACT_PRESENTER;TAX_FNCACT_CHIEF;TAX_FNCACT_CHIEF;CRISISLEX_T02_INJURED;", "mentionednames":";Palos_Verdes;Morphosys_Morphosys;Simon_Moroney;Simon_Moroney;", "OBJECTID":3269}}, "ctsRegion":"LINESTRING(-122.25989 37.509658,-122.25517 37.514832,-122.25363 37.517215,-122.25234 37.518508,-122.25208 37.52021)"}}