{"envelope":{"feature":{"type":"Feature", "geometry":{"type":"Polygon", "coordinates":[[[-122.2428131, 37.517351], [-122.2468472, 37.5131641], [-122.2422123, 37.5069683], [-122.2356892, 37.5102365], [-122.2384787, 37.5154788], [-122.2428131, 37.517351]]]}, "properties":{"urlpubtimedate":"2017-05-24T06:00:00Z", "name":"Wildlife Refuge", "urltone":-0.6, "domain":"4-traders.com", "urllangcode":"eng", "urlsocialimage":"", "url":"http://www.4-traders.com/MORPHOSYS-AG-436425/news/DGAP-News-MorphoSys-to-Present-at-Three-Upcoming-Conferences-24475712/", "geores":4, "mentionedthemes":";TAX_DISEASE_DISEASES;WB_1406_DISEASES;WB_621_HEALTH_NUTRITION_AND_POPULATION;UNGP_HEALTHCARE;TAX_FNCACT_EXECUTIVE_OFFICER;TAX_FNCACT_CHIEF_EXECUTIVE_OFFICER;TAX_MILITARY_TITLE_OFFICER;TAX_FNCACT_OFFICER;TAX_FNCACT_EXECUTIVE_OFFICER;TAX_FNCACT_CHIEF_EXECUTIVE_OFFICER;TAX_MILITARY_TITLE_OFFICER;TAX_FNCACT_OFFICER;TAX_FNCACT_EXECUTIVE;TAX_FNCACT_CHIEF_EXECUTIVE;TAX_FNCACT_EXECUTIVE;TAX_FNCACT_CHIEF_EXECUTIVE;TAX_FNCACT_PRESENTER;TAX_FNCACT_PRESENTER;TAX_FNCACT_CHIEF;TAX_FNCACT_CHIEF;CRISISLEX_T02_INJURED;", "mentionednames":";Palos_Verdes;Morphosys_Morphosys;Simon_Moroney;Simon_Moroney;", "OBJECTID":3298}}, "ctsRegion":"POLYGON((-122.24281 37.517351,-122.24685 37.513164,-122.24221 37.506968,-122.23569 37.510237,-122.23848 37.515479,-122.24281 37.517351))"}}