{"envelope":{"feature":{"type":"Feature", "geometry":{"type":"Polygon", "coordinates":[[[-122.2634554, 37.519087], [-122.2480488, 37.5212994], [-122.2446156, 37.512279], [-122.2455597, 37.5033596], [-122.2598076, 37.5061853], [-122.2633696, 37.5134364], [-122.2634554, 37.519087]]]}, "properties":{"urlpubtimedate":"2017-05-24T06:00:00Z", "name":"MarkLogic Neighborhood", "urltone":-0.6, "domain":"4-traders.com", "urllangcode":"eng", "urlsocialimage":"", "url":"http://www.4-traders.com/MORPHOSYS-AG-436425/news/DGAP-News-MorphoSys-to-Present-at-Three-Upcoming-Conferences-24475712/", "geores":4, "mentionedthemes":";TAX_DISEASE_DISEASES;WB_1406_DISEASES;WB_621_HEALTH_NUTRITION_AND_POPULATION;UNGP_HEALTHCARE;TAX_FNCACT_EXECUTIVE_OFFICER;TAX_FNCACT_CHIEF_EXECUTIVE_OFFICER;TAX_MILITARY_TITLE_OFFICER;TAX_FNCACT_OFFICER;TAX_FNCACT_EXECUTIVE_OFFICER;TAX_FNCACT_CHIEF_EXECUTIVE_OFFICER;TAX_MILITARY_TITLE_OFFICER;TAX_FNCACT_OFFICER;TAX_FNCACT_EXECUTIVE;TAX_FNCACT_CHIEF_EXECUTIVE;TAX_FNCACT_EXECUTIVE;TAX_FNCACT_CHIEF_EXECUTIVE;TAX_FNCACT_PRESENTER;TAX_FNCACT_PRESENTER;TAX_FNCACT_CHIEF;TAX_FNCACT_CHIEF;CRISISLEX_T02_INJURED;", "mentionednames":";Palos_Verdes;Morphosys_Morphosys;Simon_Moroney;Simon_Moroney;", "OBJECTID":3785}}, "ctsRegion":"POLYGON((-122.26346 37.519087,-122.24805 37.521299,-122.24462 37.512279,-122.24556 37.50336,-122.25981 37.506185,-122.26337 37.513436,-122.26346 37.519087))"}}