{"type":"Feature", "geometry":{"type":"Point", "coordinates":[100, 60]}, "properties":{"urlpubtimedate":"2017-05-24T07:00:00Z", "name":"Russia", "urltone":-3.47, "domain":"greanvillepost.com", "urllangcode":"eng", "urlsocialimage":"", "url":"http://www.greanvillepost.com/2017/05/23/trump-calls-for-1-7-trillion-in-social-cuts/", "geores":1, "mentionedthemes":";EPU_ECONOMY_HISTORIC;WB_678_DIGITAL_GOVERNMENT;WB_694_BROADCAST_AND_MEDIA;WB_133_INFORMATION_AND_COMMUNICATION_TECHNOLOGIES;TAX_WORLDLANGUAGES_RUSSIA;TAX_WORLDLANGUAGES_RUSSIA;EPU_POLICY_POLICY;TAX_POLITICAL_PARTY_DEMOCRATS;TAX_POLITICAL_PARTY_DEMOCRATS;USPEC_POLICY1;EPU_POLICY_BUDGET;", "mentionednames":"", "OBJECTID":10003}}