{"type":"Feature", "geometry":{"type":"Point", "coordinates":[-77.0364, 38.8951]}, "properties":{"urlpubtimedate":"2017-05-24T07:00:00Z", "name":"Washington, Washington, United States", "urltone":-3.47, "domain":"greanvillepost.com", "urllangcode":"eng", "urlsocialimage":"", "url":"http://www.greanvillepost.com/2017/05/23/trump-calls-for-1-7-trillion-in-social-cuts/", "geores":3, "mentionedthemes":";TAX_POLITICAL_PARTY_DEMOCRATIC_PARTY;UNGP_CRIME_VIOLENCE;EPU_POLICY_POLITICAL;TAX_WORLDLANGUAGES_RUSSIA;TAX_WORLDLANGUAGES_RUSSIA;EPU_POLICY_POLICY;TAX_POLITICAL_PARTY_DEMOCRATS;TAX_POLITICAL_PARTY_DEMOCRATS;EXTREMISM;", "mentionednames":";Democratic_Party;", "OBJECTID":10007}}