{"type":"Feature", "geometry":{"type":"Point", "coordinates":[-77.0364, 38.8951]}, "properties":{"urlpubtimedate":"2017-05-24T07:00:00Z", "name":"Washington, Washington, United States", "urltone":-7.94, "domain":"thehealthsite.com", "urllangcode":"eng", "urlsocialimage":"http://st1.thehealthsite.com/wp-content/uploads/2016/10/breast-cancer1.jpg", "url":"http://www.thehealthsite.com/news/just-one-alcoholic-drink-a-day-ups-breast-cancer-risky-ag0517/", "geores":3, "mentionedthemes":";TAX_DISEASE_BREAST_CANCER;TAX_DISEASE_CANCER;WB_1406_DISEASES;WB_1431_CANCER;WB_621_HEALTH_NUTRITION_AND_POPULATION;WB_1427_NON_COMMUNICABLE_DISEASE_AND_INJURY;TAX_DISEASE_BREAST_CANCER;TAX_DISEASE_CANCER;WB_1406_DISEASES;WB_1431_CANCER;WB_621_HEALTH_NUTRITION_AND_POPULATION;WB_1427_NON_COMMUNICABLE_DISEASE_AND_INJURY;TAX_FNCACT_WOMEN;TAX_FNCACT_WOMEN;TAX_FNCACT_AUTHOR;AFFECT;TAX_DISEASE_CANCER;WB_1406_DISEASES;WB_1431_CANCER;WB_621_HEALTH_NUTRITION_AND_POPULATION;WB_1427_NON_COMMUNICABLE_DISEASE_AND_INJURY;TAX_DISEASE_CANCER;WB_1406_DISEASES;WB_1431_CANCER;WB_621_HEALTH_NUTRITION_AND_POPULATION;WB_1427_NON_COMMUNICABLE_DISEASE_AND_INJURY;SCIENCE;WB_2024_ANTI_CORRUPTION_AUTHORITIES;WB_696_PUBLIC_SECTOR_MANAGEMENT;WB_831_GOVERNANCE;WB_832_ANTI_CORRUPTION;WB_2026_PREVENTION;", "mentionednames":";Anne_Mctiernan;Fred_Hutchinson_Cancer_Research_Centre_In_Seattle;", "OBJECTID":10008}}