{"type":"Feature", "geometry":{"type":"Point", "coordinates":[100, 60]}, "properties":{"urlpubtimedate":"2017-05-24T07:00:00Z", "name":"Russia", "urltone":-3.47, "domain":"greanvillepost.com", "urllangcode":"eng", "urlsocialimage":"", "url":"http://www.greanvillepost.com/2017/05/23/trump-calls-for-1-7-trillion-in-social-cuts/", "geores":1, "mentionedthemes":";TAX_POLITICAL_PARTY_DEMOCRATIC_PARTY;UNGP_CRIME_VIOLENCE;TAX_WORLDLANGUAGES_RUSSIA;EXTREMISM;", "mentionednames":";Democratic_Party;", "OBJECTID":10006}}