{"type":"Feature", "geometry":{"type":"Point", "coordinates":[6.9667, 51.25]}, "properties":{"urlpubtimedate":"2017-05-24T07:00:00Z", "name":"Mettmann, Nordrhein-Westfalen, Germany", "urltone":-3.43, "domain":"24pr.de", "urllangcode":"deu", "urlsocialimage":"", "url":"http://www.24pr.de/page/38881", "geores":3, "mentionedthemes":";TRAFFIC;MANMADE_DISASTER_IMPLIED;SECURITY_SERVICES;TAX_FNCACT_POLICE;CRISISLEX_C07_SAFETY;TAX_FNCACT_MAN;", "mentionednames":";Police_At_The_Entrance;", "OBJECTID":10000}}