{"type":"Feature", "geometry":{"type":"Point", "coordinates":[100, 60]}, "properties":{"urlpubtimedate":"2017-05-24T07:00:00Z", "name":"Russia", "urltone":-3.47, "domain":"greanvillepost.com", "urllangcode":"eng", "urlsocialimage":"", "url":"http://www.greanvillepost.com/2017/05/23/trump-calls-for-1-7-trillion-in-social-cuts/", "geores":1, "mentionedthemes":";TAX_POLITICAL_PARTY_DEMOCRATIC_PARTY;UNGP_CRIME_VIOLENCE;TAX_FNCACT_CHILD;ECON_TAXATION;EPU_POLICY_TAX;EPU_CATS_TAXES;ECON_TAXATION;EPU_POLICY_TAX;EPU_CATS_TAXES;TAX_WORLDLANGUAGES_RUSSIA;WB_1921_PRIVATE_SECTOR_DEVELOPMENT;WB_382_TAX_CREDITS_AND_DIRECT_SUBSIDIES;WB_376_INNOVATION_TECHNOLOGY_AND_ENTREPRENEURSHIP;WB_377_FIRM_INNOVATION_PRODUCTIVITY_AND_GROWTH;WB_380_FUNDING_INNOVATION;WB_1921_PRIVATE_SECTOR_DEVELOPMENT;WB_382_TAX_CREDITS_AND_DIRECT_SUBSIDIES;WB_376_INNOVATION_TECHNOLOGY_AND_ENTREPRENEURSHIP;WB_377_FIRM_INNOVATION_PRODUCTIVITY_AND_GROWTH;WB_380_FUNDING_INNOVATION;EPU_POLICY_SPENDING;EXTREMISM;USPEC_POLICY1;EPU_POLICY_BUDGET;", "mentionednames":";Democratic_Party;", "OBJECTID":10005}}