{"type":"Feature", "geometry":{"type":"Point", "coordinates":[2.3333, 48.8667]}, "properties":{"urlpubtimedate":"2017-05-24T07:00:00Z", "name":"Paris, France (General), France", "urltone":1.74, "domain":"24.com.eg", "urllangcode":"ara", "urlsocialimage":"http://24.com.eg/temp/resized/medium_2017-05-24-50086531ed.jpg", "url":"http://24.com.eg/Mnwat/2720544.html", "geores":3, "mentionedthemes":";TAX_ETHNICITY_PALESTINIAN;EPU_POLICY_POLITICAL;TAX_FNCACT_EDITORS;EPU_ECONOMY;EPU_ECONOMY_HISTORIC;EPU_ECONOMY;EPU_ECONOMY_HISTORIC;TAX_FNCACT_STUDENT;TAX_ETHNICITY_PALESTINIANS;TAX_ETHNICITY_PALESTINIANS;", "mentionednames":"", "OBJECTID":10016}}