{"type":"Feature", "geometry":{"type":"Point", "coordinates":[-0.1167, 51.5]}, "properties":{"urlpubtimedate":"2017-05-24T07:00:00Z", "name":"London, London, City Of, United Kingdom", "urltone":1.74, "domain":"24.com.eg", "urllangcode":"ara", "urlsocialimage":"http://24.com.eg/temp/resized/medium_2017-05-24-50086531ed.jpg", "url":"http://24.com.eg/Mnwat/2720544.html", "geores":3, "mentionedthemes":";TAX_ETHNICITY_PALESTINIAN;MEDIA_MSM;EPU_POLICY_POLITICAL;TAX_FNCACT_ADMINISTRATOR;LEADER;TAX_FNCACT_PRESIDENT;USPEC_POLITICS_GENERAL1;", "mentionednames":";Palestinian_Mahmoud_Abbas;Ram_Allah;", "OBJECTID":10013}}