{"type":"Feature", "geometry":{"type":"Point", "coordinates":[12.4833, 43.1]}, "properties":{"urlpubtimedate":"2017-05-24T07:00:00Z", "name":"Santegidio, Umbria, Italy", "urltone":-2.31, "domain":"romandie.com", "urllangcode":"fra", "urlsocialimage":"", "url":"https://www.romandie.com/news/ZOOM-Trump-et-le-pape-rencontre-de-deux-hommes-que-tout-oppose-ou-presque/798793.rom", "geores":3, "mentionedthemes":";TAX_FNCACT_PRIME_MINISTER;TAX_FNCACT_MINISTER;TAX_FNCACT_PRIEST;SMUGGLING;LEADER;TAX_FNCACT_PRESIDENT;USPEC_POLITICS_GENERAL1;TAX_FNCACT_KING;GENERAL_GOVERNMENT;EPU_POLICY_GOVERNMENT;CRISISLEX_T11_UPDATESSYMPATHY;TAX_FNCACT_ADVISER;MILITARY;TAX_RELIGION_CATHOLIC;TAX_ETHNICITY_ITALIAN;TAX_WORLDLANGUAGES_ITALIAN;TAX_FNCACT_CHILDREN;", "mentionednames":"", "OBJECTID":10017}}