{"type":"Feature", "geometry":{"type":"Point", "coordinates":[24.4333, 60.1167]}, "properties":{"urlpubtimedate":"2017-05-24T07:00:00Z", "name":"Kirkkonummi, Uusimaa Region, Finland", "urltone":-1.12, "domain":"mtv.fi", "urllangcode":"fin", "urlsocialimage":"http://im.mtv.fi/image/6421768/landscape16_9/1600/900/55fec2f57aefa2ebac87c3d1e01bfca/EB/karhu.jpg", "url":"http://www.mtv.fi/uutiset/kotimaa/artikkeli/espoossa-likkuu-karhu-poliisilla-useita-havaintoja/6446018", "geores":3, "mentionedthemes":";SECURITY_SERVICES;TAX_FNCACT_POLICE;CRISISLEX_C07_SAFETY;SECURITY_SERVICES;TAX_FNCACT_POLICE;CRISISLEX_C07_SAFETY;SECURITY_SERVICES;TAX_FNCACT_POLICE;CRISISLEX_C07_SAFETY;TAX_WORLDMAMMALS_BEAR;CRISISLEX_CRISISLEXREC;", "mentionednames":"", "OBJECTID":10011}}