{"type":"Feature", "geometry":{"type":"Point", "coordinates":[-118.244, 34.0522]}, "properties":{"urlpubtimedate":"2017-05-24T07:00:00Z", "name":"Los Angeles, California, United States", "urltone":-3.85, "domain":"cbslocal.com", "urllangcode":"eng", "urlsocialimage":"https://cbsla.files.wordpress.com/2017/05/gettyimages-580012404.jpg", "url":"http://losangeles.cbslocal.com/2017/05/23/pederson-leaves-game-collision-puig/", "geores":3, "mentionedthemes":"", "mentionednames":";Logan_Forsythe;Yasiel_Puig;Clayton_Kershaw;Lance_Lynn;Joc_Pederson;", "OBJECTID":10010}}