{"type":"Feature", "geometry":{"type":"Point", "coordinates":[-64, -34]}, "properties":{"urlpubtimedate":"2017-05-24T07:00:00Z", "name":"Argentina", "urltone":-2.31, "domain":"romandie.com", "urllangcode":"fra", "urlsocialimage":"", "url":"https://www.romandie.com/news/ZOOM-Trump-et-le-pape-rencontre-de-deux-hommes-que-tout-oppose-ou-presque/798793.rom", "geores":1, "mentionedthemes":";TAX_FNCACT_PRIME_MINISTER;TAX_FNCACT_MINISTER;TAX_FNCACT_PRIEST;SMUGGLING;TAX_FNCACT_POPE;LEADER;TAX_FNCACT_PRESIDENT;USPEC_POLITICS_GENERAL1;TAX_FNCACT_KING;CRISISLEX_T11_UPDATESSYMPATHY;MILITARY;", "mentionednames":"", "OBJECTID":10019}}