{"type":"Feature", "geometry":{"type":"Point", "coordinates":[45, 25]}, "properties":{"urlpubtimedate":"2017-05-24T07:00:00Z", "name":"Saudi Arabia", "urltone":-2.31, "domain":"romandie.com", "urllangcode":"fra", "urlsocialimage":"", "url":"https://www.romandie.com/news/ZOOM-Trump-et-le-pape-rencontre-de-deux-hommes-que-tout-oppose-ou-presque/798793.rom", "geores":1, "mentionedthemes":";TAX_RELIGION_MUSLIM;TAX_ETHNICITY_MUSLIM;LEADER;TAX_FNCACT_PRESIDENT;USPEC_POLITICS_GENERAL1;LEADER;TAX_FNCACT_PRESIDENT;USPEC_POLITICS_GENERAL1;LEADER;TAX_FNCACT_PRESIDENT;USPEC_POLITICS_GENERAL1;TAX_RELIGION_ISLAM;TAX_WORLDMAMMALS_HUMAN;TAX_RELIGION_CHRISTIAN;TAX_ETHNICITY_CHRISTIAN;TAX_RELIGION_JEWISH;TAX_ETHNICITY_JEWISH;", "mentionednames":"", "OBJECTID":10023}}