{"type":"Feature", "geometry":{"type":"Point", "coordinates":[12.8333, 42.8333]}, "properties":{"urlpubtimedate":"2017-05-24T07:00:00Z", "name":"Italy", "urltone":-2.31, "domain":"romandie.com", "urllangcode":"fra", "urlsocialimage":"", "url":"https://www.romandie.com/news/ZOOM-Trump-et-le-pape-rencontre-de-deux-hommes-que-tout-oppose-ou-presque/798793.rom", "geores":1, "mentionedthemes":";SMUGGLING;LEADER;TAX_FNCACT_PRESIDENT;USPEC_POLITICS_GENERAL1;GENERAL_GOVERNMENT;EPU_POLICY_GOVERNMENT;TAX_FNCACT_ADVISER;MILITARY;TAX_RELIGION_CATHOLIC;TAX_ETHNICITY_ITALIAN;TAX_WORLDLANGUAGES_ITALIAN;TAX_FNCACT_CHILDREN;", "mentionednames":"", "OBJECTID":10029}}