{"type":"Feature", "geometry":{"type":"Point", "coordinates":[4, 50.8333]}, "properties":{"urlpubtimedate":"2017-05-24T07:00:00Z", "name":"Belgium", "urltone":-2.31, "domain":"romandie.com", "urllangcode":"fra", "urlsocialimage":"", "url":"https://www.romandie.com/news/ZOOM-Trump-et-le-pape-rencontre-de-deux-hommes-que-tout-oppose-ou-presque/798793.rom", "geores":1, "mentionedthemes":";TAX_FNCACT_PRIME_MINISTER;TAX_FNCACT_MINISTER;TAX_FNCACT_PRIEST;SMUGGLING;TAX_FNCACT_KING;CRISISLEX_T11_UPDATESSYMPATHY;TAX_FNCACT_ADVISER;MILITARY;TAX_RELIGION_CATHOLIC;TAX_FNCACT_CHILDREN;", "mentionednames":"", "OBJECTID":10022}}