{"type":"Feature", "geometry":{"type":"Point", "coordinates":[-77.0364, 38.8951]}, "properties":{"urlpubtimedate":"2017-05-24T07:00:00Z", "name":"White House, District Of Columbia, United States", "urltone":-2.31, "domain":"romandie.com", "urllangcode":"fra", "urlsocialimage":"", "url":"https://www.romandie.com/news/ZOOM-Trump-et-le-pape-rencontre-de-deux-hommes-que-tout-oppose-ou-presque/798793.rom", "geores":3, "mentionedthemes":";BORDER;TAX_ETHNICITY_AMERICAN;TAX_FNCACT_POPE;TAKE_OFFICE;DELAY;GENERAL_HEALTH;TAX_DISEASE_DISEASE;WB_1406_DISEASES;WB_621_HEALTH_NUTRITION_AND_POPULATION;UNGP_HEALTHCARE;WB_1973_FINANCIAL_RISK_REDUCTION;WB_435_AGRICULTURE_AND_FOOD_SECURITY;WB_337_INSURANCE;WB_1967_AGRICULTURAL_RISK_AND_SECURITY;USPEC_UNCERTAINTY1;EPU_CATS_MIGRATION_FEAR_FEAR;TAX_RELIGION_CATHOLIC;EPU_POLICY_WHITE_HOUSE;USPEC_POLICY1;EPU_POLICY_BUDGET;", "mentionednames":";Joshua_Mcelwee;White_House;National_Catholic;", "OBJECTID":10027}}