{"type":"Feature", "geometry":{"type":"Point", "coordinates":[-102, 23]}, "properties":{"urlpubtimedate":"2017-05-24T07:00:00Z", "name":"Mexico", "urltone":-2.31, "domain":"romandie.com", "urllangcode":"fra", "urlsocialimage":"", "url":"https://www.romandie.com/news/ZOOM-Trump-et-le-pape-rencontre-de-deux-hommes-que-tout-oppose-ou-presque/798793.rom", "geores":1, "mentionedthemes":";BORDER;MARITIME;TAX_FNCACT_POPE;TAKE_OFFICE;SCANDAL;GENERAL_HEALTH;TAX_DISEASE_DISEASE;WB_1406_DISEASES;WB_621_HEALTH_NUTRITION_AND_POPULATION;UNGP_HEALTHCARE;WB_1973_FINANCIAL_RISK_REDUCTION;WB_435_AGRICULTURE_AND_FOOD_SECURITY;WB_337_INSURANCE;WB_1967_AGRICULTURAL_RISK_AND_SECURITY;TAX_RELIGION_CHRISTIAN;TAX_ETHNICITY_CHRISTIAN;RELIGION;EPU_CATS_MIGRATION_FEAR_FEAR;EPU_POLICY_WHITE_HOUSE;USPEC_POLICY1;EPU_POLICY_BUDGET;", "mentionednames":";White_House;", "OBJECTID":10026}}