{"type":"Feature", "geometry":{"type":"Point", "coordinates":[-64, -34]}, "properties":{"urlpubtimedate":"2017-05-24T07:00:00Z", "name":"Argentina", "urltone":-2.31, "domain":"romandie.com", "urllangcode":"fra", "urlsocialimage":"", "url":"https://www.romandie.com/news/ZOOM-Trump-et-le-pape-rencontre-de-deux-hommes-que-tout-oppose-ou-presque/798793.rom", "geores":1, "mentionedthemes":";TAX_FNCACT_PRIME_MINISTER;TAX_FNCACT_MINISTER;TAX_FNCACT_PRIEST;UNGP_FORESTS_RIVERS_OCEANS;TAX_FNCACT_POPE;LEADER;TAX_FNCACT_PRESIDENT;USPEC_POLITICS_GENERAL1;CRISISLEX_T11_UPDATESSYMPATHY;ENV_CLIMATECHANGE;WB_567_CLIMATE_CHANGE;CRISISLEX_CRISISLEXREC;UNGP_CLIMATE_CHANGE_ACTION;", "mentionednames":"", "OBJECTID":10020}}