{"type":"Feature", "geometry":{"type":"Point", "coordinates":[-65, -17]}, "properties":{"urlpubtimedate":"2017-05-24T07:00:00Z", "name":"Bolivia", "urltone":0.71, "domain":"laprensa.com.bo", "urllangcode":"spa", "urlsocialimage":"http://www.laprensa.com.bo/sites/default/files/20170524-375530.jpg", "url":"http://www.laprensa.com.bo/economia/20170524/ypfb-incumple-promesa-no-vender-gas-rico", "geores":1, "mentionedthemes":";WB_471_ECONOMIC_GROWTH;WB_1100_SUSTAINABLE_GROWTH;TAX_FNCACT_AMBASSADOR;TAX_FNCACT_AMBASSADOR;USPEC_POLICY1;EPU_POLICY_POLICY;TAX_ETHNICITY_BOLIVIA;TAX_ETHNICITY_BOLIVIA;", "mentionednames":";Petrobras;Petrobras;", "OBJECTID":10038}}