{"type":"Feature", "geometry":{"type":"Point", "coordinates":[-65, -17]}, "properties":{"urlpubtimedate":"2017-05-24T07:00:00Z", "name":"Bolivia", "urltone":0.71, "domain":"laprensa.com.bo", "urllangcode":"spa", "urlsocialimage":"http://www.laprensa.com.bo/sites/default/files/20170524-375530.jpg", "url":"http://www.laprensa.com.bo/economia/20170524/ypfb-incumple-promesa-no-vender-gas-rico", "geores":1, "mentionedthemes":";ENV_OIL;ENV_OIL;TAX_FNCACT_SPECIALIST;TAX_ETHNICITY_BOLIVIA;LEGISLATION;EPU_POLICY_LAW;", "mentionednames":";Jorge_Campanini;Centre_Of_Documentation;", "OBJECTID":10034}}