{"type":"Feature", "geometry":{"type":"Point", "coordinates":[-55, -10]}, "properties":{"urlpubtimedate":"2017-05-24T07:00:00Z", "name":"Brazil", "urltone":0.71, "domain":"laprensa.com.bo", "urllangcode":"spa", "urlsocialimage":"http://www.laprensa.com.bo/sites/default/files/20170524-375530.jpg", "url":"http://www.laprensa.com.bo/economia/20170524/ypfb-incumple-promesa-no-vender-gas-rico", "geores":1, "mentionedthemes":";ENV_OIL;TAX_FNCACT_AMBASSADOR;TAX_FNCACT_ANALYST;TAX_ETHNICITY_BOLIVIA;", "mentionednames":"", "OBJECTID":10044}}