{"type":"Feature", "geometry":{"type":"Point", "coordinates":[-55, -10]}, "properties":{"urlpubtimedate":"2017-05-24T07:00:00Z", "name":"Brazil", "urltone":0.71, "domain":"laprensa.com.bo", "urllangcode":"spa", "urlsocialimage":"http://www.laprensa.com.bo/sites/default/files/20170524-375530.jpg", "url":"http://www.laprensa.com.bo/economia/20170524/ypfb-incumple-promesa-no-vender-gas-rico", "geores":1, "mentionedthemes":";NEGOTIATIONS;WB_696_PUBLIC_SECTOR_MANAGEMENT;WB_840_JUSTICE;WB_2473_DIPLOMACY_AND_NEGOTIATIONS;WB_939_NEGOTIATION;WB_2470_PEACE_OPERATIONS_AND_CONFLICT_MANAGEMENT;WB_936_ALTERNATIVE_DISPUTE_RESOLUTION;WB_2432_FRAGILITY_CONFLICT_AND_VIOLENCE;WB_843_DISPUTE_RESOLUTION;WB_2471_PEACEKEEPING;TAX_FNCACT_POPE;", "mentionednames":";Pope_Franz;Petrobras;Petrobras;", "OBJECTID":10048}}