{"type":"Feature", "geometry":{"type":"Point", "coordinates":[129.768, 43.0999]}, "properties":{"urlpubtimedate":"2017-05-24T07:00:00Z", "name":"Hebei, Jilin, China", "urltone":6.46, "domain":"ynet.com", "urllangcode":"zho", "urlsocialimage":"", "url":"http://culture.ynet.com/2017/05/24/162998t467.html", "geores":3, "mentionedthemes":";TOURISM;WB_825_TOURISM;WB_1921_PRIVATE_SECTOR_DEVELOPMENT;WB_346_COMPETITIVE_INDUSTRIES;WB_818_INDUSTRY_POLICY_AND_REAL_SECTORS;TOURISM;WB_825_TOURISM;WB_1921_PRIVATE_SECTOR_DEVELOPMENT;WB_346_COMPETITIVE_INDUSTRIES;WB_818_INDUSTRY_POLICY_AND_REAL_SECTORS;TOURISM;WB_825_TOURISM;WB_1921_PRIVATE_SECTOR_DEVELOPMENT;WB_346_COMPETITIVE_INDUSTRIES;WB_818_INDUSTRY_POLICY_AND_REAL_SECTORS;TOURISM;WB_825_TOURISM;WB_1921_PRIVATE_SECTOR_DEVELOPMENT;WB_346_COMPETITIVE_INDUSTRIES;WB_818_INDUSTRY_POLICY_AND_REAL_SECTORS;", "mentionednames":"", "OBJECTID":10058}}