{"type":"Feature", "geometry":{"type":"Point", "coordinates":[-64, -34]}, "properties":{"urlpubtimedate":"2017-05-24T07:00:00Z", "name":"Argentina", "urltone":0.71, "domain":"laprensa.com.bo", "urllangcode":"spa", "urlsocialimage":"http://www.laprensa.com.bo/sites/default/files/20170524-375530.jpg", "url":"http://www.laprensa.com.bo/economia/20170524/ypfb-incumple-promesa-no-vender-gas-rico", "geores":1, "mentionedthemes":";CRISISLEX_CRISISLEXREC;SANCTIONS;TAX_FNCACT_ENVOY;TAX_ETHNICITY_BOLIVIA;", "mentionednames":"", "OBJECTID":10055}}