{"type":"Feature", "geometry":{"type":"Point", "coordinates":[-64, -34]}, "properties":{"urlpubtimedate":"2017-05-24T07:00:00Z", "name":"Argentina", "urltone":0.71, "domain":"laprensa.com.bo", "urllangcode":"spa", "urlsocialimage":"http://www.laprensa.com.bo/sites/default/files/20170524-375530.jpg", "url":"http://www.laprensa.com.bo/economia/20170524/ypfb-incumple-promesa-no-vender-gas-rico", "geores":1, "mentionedthemes":";GENERAL_GOVERNMENT;EPU_POLICY_GOVERNMENT;ENV_OIL;TAX_FNCACT_MINISTER;UNGP_FORESTS_RIVERS_OCEANS;TAX_ETHNICITY_BOLIVIA;LEADER;TAX_FNCACT_PRESIDENT;USPEC_POLITICS_GENERAL1;", "mentionednames":"", "OBJECTID":10052}}