{"type":"Feature", "geometry":{"type":"Point", "coordinates":[129.768, 43.0999]}, "properties":{"urlpubtimedate":"2017-05-24T07:00:00Z", "name":"Hebei, Jilin, China", "urltone":6.46, "domain":"ynet.com", "urllangcode":"zho", "urlsocialimage":"", "url":"http://culture.ynet.com/2017/05/24/162998t467.html", "geores":3, "mentionedthemes":";GENERAL_GOVERNMENT;EPU_POLICY_GOVERNMENT;GENERAL_GOVERNMENT;EPU_POLICY_GOVERNMENT;TOURISM;WB_825_TOURISM;WB_1921_PRIVATE_SECTOR_DEVELOPMENT;WB_346_COMPETITIVE_INDUSTRIES;WB_818_INDUSTRY_POLICY_AND_REAL_SECTORS;TOURISM;WB_825_TOURISM;WB_1921_PRIVATE_SECTOR_DEVELOPMENT;WB_346_COMPETITIVE_INDUSTRIES;WB_818_INDUSTRY_POLICY_AND_REAL_SECTORS;TOURISM;WB_825_TOURISM;WB_1921_PRIVATE_SECTOR_DEVELOPMENT;WB_346_COMPETITIVE_INDUSTRIES;WB_818_INDUSTRY_POLICY_AND_REAL_SECTORS;TOURISM;WB_825_TOURISM;WB_1921_PRIVATE_SECTOR_DEVELOPMENT;WB_346_COMPETITIVE_INDUSTRIES;WB_818_INDUSTRY_POLICY_AND_REAL_SECTORS;WB_845_LEGAL_AND_REGULATORY_FRAMEWORK;WB_696_PUBLIC_SECTOR_MANAGEMENT;WB_957_GOVERNMENT_PROCUREMENT;WB_2745_JOB_QUALITY_AND_LABOR_MARKET_PERFORMANCE;WB_2670_JOBS;WB_2689_JOBS_DIAGNOSTICS;WB_2748_EMPLOYMENT;", "mentionednames":"", "OBJECTID":10062}}