{"type":"Feature", "geometry":{"type":"Point", "coordinates":[51.25, 25.5]}, "properties":{"urlpubtimedate":"2017-05-24T07:00:00Z", "name":"Qatar", "urltone":-3.92, "domain":"elfagr.org", "urllangcode":"ara", "urlsocialimage":"", "url":"http://www.elfagr.org/2604439", "geores":1, "mentionedthemes":";WB_2467_TERRORISM;WB_2433_CONFLICT_AND_VIOLENCE;WB_2432_FRAGILITY_CONFLICT_AND_VIOLENCE;WB_2462_POLITICAL_VIOLENCE_AND_WAR;EPU_CATS_NATIONAL_SECURITY;TAX_RELIGION_MUSLIMS;TAX_ETHNICITY_MUSLIMS;TAX_FNCACT_STUDENTS;TAX_ETHNICITY_ARAB;USPEC_POLITICS_GENERAL1;TAX_TERROR_GROUP_HAMAS;TAX_POLITICAL_PARTY_HAMAS;TAX_WORLDLANGUAGES_ARABIC;", "mentionednames":"", "OBJECTID":10078}}