{"type":"Feature", "geometry":{"type":"Point", "coordinates":[-3.6833, 40.4]}, "properties":{"urlpubtimedate":"2017-05-24T07:00:00Z", "name":"Madrid, Madrid, Spain", "urltone":2.53, "domain":"farodevigo.es", "urllangcode":"spa", "urlsocialimage":"http://fotos00.farodevigo.es/2017/05/24/690x278/aprendendo-xogar.jpg", "url":"http://www.farodevigo.es/deportes/2017/05/24/aprendendo-xogar-alcanza-millar-participantes/1684878.html", "geores":3, "mentionedthemes":"", "mentionednames":";Vincenzo_Nibali;Ernesto_Valverde;Vasco;Athletic_Club;", "OBJECTID":10083}}