{"type":"Feature", "geometry":{"type":"Point", "coordinates":[50.55, 26]}, "properties":{"urlpubtimedate":"2017-05-24T07:00:00Z", "name":"Bahrain", "urltone":2.53, "domain":"farodevigo.es", "urllangcode":"spa", "urlsocialimage":"http://fotos00.farodevigo.es/2017/05/24/690x278/aprendendo-xogar.jpg", "url":"http://www.farodevigo.es/deportes/2017/05/24/aprendendo-xogar-alcanza-millar-participantes/1684878.html", "geores":1, "mentionedthemes":"", "mentionednames":";Vincenzo_Nibali;Mikel_Landa;Vasco;", "OBJECTID":10081}}