{"type":"Feature", "geometry":{"type":"Point", "coordinates":[11.95, 36.8333]}, "properties":{"urlpubtimedate":"2017-05-24T07:00:00Z", "name":"Pantelleria, Italy (General), Italy", "urltone":-3.31, "domain":"trapani.gds.it", "urllangcode":"ita", "urlsocialimage":"http://gds.it.cdn-immedia.net/2015/12/Traghetto-535x300.jpg", "url":"http://trapani.gds.it/2017/05/24/ce-un-buco-nello-scafo-non-parte-il-traghetto-per-pantelleria_669264/", "geores":3, "mentionedthemes":";CRISISLEX_C04_LOGISTICS_TRANSPORT;DELAY;LEADER;TAX_FNCACT_MAYOR;MARITIME_INCIDENT;MARITIME;MANMADE_DISASTER_IMPLIED;MARITIME_INCIDENT;MARITIME;MANMADE_DISASTER_IMPLIED;TAX_WORLDMAMMALS_DRILLS;", "mentionednames":"", "OBJECTID":10087}}