{"type":"Feature", "geometry":{"type":"Point", "coordinates":[45, 40]}, "properties":{"urlpubtimedate":"2017-05-24T07:00:00Z", "name":"Armenia", "urltone":-2.42, "domain":"ziarelive.ro", "urllangcode":"ron", "urlsocialimage":"http://static.ziarelive.ro/images/stories/2017-05/343/liber-la-export-romania-a-fost-admisa-pe-lista-oficiala-a-statelor-libere-de-pesta-porcina-clasica.jpg", "url":"http://www.ziarelive.ro/stiri/liber-la-export-romania-a-fost-admisa-pe-lista-oficiala-a-statelor-libere-de-pesta-porcina-clasica.html", "geores":1, "mentionedthemes":";TAX_FNCACT_OFFICIAL;TAX_FNCACT_EXECUTIVE;WB_569_HYDROMET_SERVICES;WB_568_CLIMATE_SERVICES;WB_567_CLIMATE_CHANGE;ECON_CURRENCY_EXCHANGE_RATE;EPU_CATS_SOVEREIGN_DEBT_CURRENCY_CRISES;", "mentionednames":";Craiova_Brasov;Exchange_Rate_Course_Currency_Of_May;Committee_Executive;", "OBJECTID":10097}}