{"type":"Feature", "geometry":{"type":"Point", "coordinates":[105, 35]}, "properties":{"urlpubtimedate":"2017-05-24T07:00:00Z", "name":"China", "urltone":-8.33, "domain":"zik.ua", "urllangcode":"ukr", "urlsocialimage":"http://zik.ua/media/facebook_article/1101729.jpg", "url":"http://zik.ua/news/2017/05/24/zhytelka_ssha_za_sprobu_peredaty_kytayu_kosmichni_tehnologii_postane_pered_1101729", "geores":1, "mentionedthemes":";ARREST;SOC_GENERALCRIME;CRISISLEX_C07_SAFETY;", "mentionednames":";District_Court_United_States;Court_Resident;", "OBJECTID":10095}}