{"type":"Feature", "geometry":{"type":"Point", "coordinates":[14.25, 37.75]}, "properties":{"urlpubtimedate":"2017-05-24T07:00:00Z", "name":"Sicily, Sicilia, Italy", "urltone":-3.31, "domain":"trapani.gds.it", "urllangcode":"ita", "urlsocialimage":"http://gds.it.cdn-immedia.net/2015/12/Traghetto-535x300.jpg", "url":"http://trapani.gds.it/2017/05/24/ce-un-buco-nello-scafo-non-parte-il-traghetto-per-pantelleria_669264/", "geores":2, "mentionedthemes":";MEDIA_MSM;MARITIME_INCIDENT;MARITIME;MANMADE_DISASTER_IMPLIED;", "mentionednames":"", "OBJECTID":10090}}