{"type":"Feature", "geometry":{"type":"Point", "coordinates":[25, 46]}, "properties":{"urlpubtimedate":"2017-05-24T07:00:00Z", "name":"Romania", "urltone":-2.42, "domain":"ziarelive.ro", "urllangcode":"ron", "urlsocialimage":"http://static.ziarelive.ro/images/stories/2017-05/343/liber-la-export-romania-a-fost-admisa-pe-lista-oficiala-a-statelor-libere-de-pesta-porcina-clasica.jpg", "url":"http://www.ziarelive.ro/stiri/liber-la-export-romania-a-fost-admisa-pe-lista-oficiala-a-statelor-libere-de-pesta-porcina-clasica.html", "geores":1, "mentionedthemes":";WB_1502_EDUCATIONAL_DECENTRALIZATION;WB_2140_INSPECTORATE;WB_1497_EDUCATION_MANAGEMENT_AND_ADMINISTRATION;MANMADE_DISASTER_IMPLIED;SOC_POINTSOFINTEREST_SCHOOL;MANMADE_DISASTER_IMPLIED;SOC_POINTSOFINTEREST_SCHOOL;MANMADE_DISASTER_IMPLIED;SOC_POINTSOFINTEREST_SCHOOL;SOC_POINTSOFINTEREST_PRESCHOOL;WB_470_EDUCATION;WB_470_EDUCATION;TAX_ETHNICITY_BLACK;", "mentionednames":";Bank_Great;Ministry_Education;", "OBJECTID":10107}}