{"type":"Feature", "geometry":{"type":"Point", "coordinates":[25, 46]}, "properties":{"urlpubtimedate":"2017-05-24T07:00:00Z", "name":"Romania", "urltone":-2.42, "domain":"ziarelive.ro", "urllangcode":"ron", "urlsocialimage":"http://static.ziarelive.ro/images/stories/2017-05/343/liber-la-export-romania-a-fost-admisa-pe-lista-oficiala-a-statelor-libere-de-pesta-porcina-clasica.jpg", "url":"http://www.ziarelive.ro/stiri/liber-la-export-romania-a-fost-admisa-pe-lista-oficiala-a-statelor-libere-de-pesta-porcina-clasica.html", "geores":1, "mentionedthemes":";EDUCATION;SOC_POINTSOFINTEREST_UNIVERSITIES;TAX_FNCACT_GOVERNORS;ECON_STOCKMARKET;LEADER;TAX_FNCACT_PRESIDENT;USPEC_POLITICS_GENERAL1;TAX_FNCACT_OFFICIAL;WB_2670_JOBS;WB_2769_JOBS_STRATEGIES;WB_2840_INTEGRATION;WB_2836_MIGRATION_POLICIES_AND_JOBS;SOC_POINTSOFINTEREST_UNIVERSITY;", "mentionednames":";Stock_Exchange_Bucharest;", "OBJECTID":10102}}