{"type":"Feature", "geometry":{"type":"Point", "coordinates":[-2, 54]}, "properties":{"urlpubtimedate":"2017-05-24T07:00:00Z", "name":"United Kingdom", "urltone":-2.42, "domain":"ziarelive.ro", "urllangcode":"ron", "urlsocialimage":"http://static.ziarelive.ro/images/stories/2017-05/343/liber-la-export-romania-a-fost-admisa-pe-lista-oficiala-a-statelor-libere-de-pesta-porcina-clasica.jpg", "url":"http://www.ziarelive.ro/stiri/liber-la-export-romania-a-fost-admisa-pe-lista-oficiala-a-statelor-libere-de-pesta-porcina-clasica.html", "geores":1, "mentionedthemes":";TAX_FNCACT_LEADERS;TAX_FNCACT_STATESMEN;TAX_FNCACT_GOVERNORS;LEADER;TAX_FNCACT_PRESIDENT;USPEC_POLITICS_GENERAL1;WB_2024_ANTI_CORRUPTION_AUTHORITIES;WB_696_PUBLIC_SECTOR_MANAGEMENT;WB_840_JUSTICE;WB_2025_INVESTIGATION;WB_831_GOVERNANCE;WB_832_ANTI_CORRUPTION;WB_1014_CRIMINAL_JUSTICE;UNREST_BELLIGERENT;", "mentionednames":";Great_United_Kingdom_Of_Union;Stock_Exchange_Bucharest;", "OBJECTID":10112}}