{"type":"Feature", "geometry":{"type":"Point", "coordinates":[2.3333, 48.8667]}, "properties":{"urlpubtimedate":"2017-05-24T07:00:00Z", "name":"Paris, France (General), France", "urltone":-2.42, "domain":"ziarelive.ro", "urllangcode":"ron", "urlsocialimage":"http://static.ziarelive.ro/images/stories/2017-05/343/liber-la-export-romania-a-fost-admisa-pe-lista-oficiala-a-statelor-libere-de-pesta-porcina-clasica.jpg", "url":"http://www.ziarelive.ro/stiri/liber-la-export-romania-a-fost-admisa-pe-lista-oficiala-a-statelor-libere-de-pesta-porcina-clasica.html", "geores":3, "mentionedthemes":";KIDNAP;KIDNAP;UNGP_CRIME_VIOLENCE;TAX_WORLDLANGUAGES_HEBREW;KILL;CRISISLEX_T03_DEAD;KILL;CRISISLEX_T03_DEAD;KILL;CRISISLEX_T03_DEAD;KILL;CRISISLEX_T03_DEAD;TAX_FNCACT_OFFICIAL;TAX_FNCACT_OFFICIAL;TAX_FNCACT_OFFICIAL;TAX_FNCACT_EXECUTIVE;TERROR;ARMEDCONFLICT;TERROR;ARMEDCONFLICT;JIHAD;", "mentionednames":";Cnn;Committee_Executive;", "OBJECTID":10118}}