{"type":"Feature", "geometry":{"type":"Point", "coordinates":[138, 36]}, "properties":{"urlpubtimedate":"2017-05-24T07:00:00Z", "name":"Japan", "urltone":-2.42, "domain":"ziarelive.ro", "urllangcode":"ron", "urlsocialimage":"http://static.ziarelive.ro/images/stories/2017-05/343/liber-la-export-romania-a-fost-admisa-pe-lista-oficiala-a-statelor-libere-de-pesta-porcina-clasica.jpg", "url":"http://www.ziarelive.ro/stiri/liber-la-export-romania-a-fost-admisa-pe-lista-oficiala-a-statelor-libere-de-pesta-porcina-clasica.html", "geores":1, "mentionedthemes":";KIDNAP;TAX_FNCACT_AUTHOR;TAX_WORLDLANGUAGES_HEBREW;KILL;CRISISLEX_T03_DEAD;KILL;CRISISLEX_T03_DEAD;TAX_FNCACT_OFFICIAL;TAX_ECON_PRICE;TAX_ECON_PRICE;TERROR;ARMEDCONFLICT;SOC_POINTSOFINTEREST_HEADQUARTERS;JIHAD;", "mentionednames":";Headquarters_Commission_European;Cnn;", "OBJECTID":10113}}