{"type":"Feature", "geometry":{"type":"Point", "coordinates":[2.3333, 48.8667]}, "properties":{"urlpubtimedate":"2017-05-24T07:00:00Z", "name":"Paris, France (General), France", "urltone":-2.42, "domain":"ziarelive.ro", "urllangcode":"ron", "urlsocialimage":"http://static.ziarelive.ro/images/stories/2017-05/343/liber-la-export-romania-a-fost-admisa-pe-lista-oficiala-a-statelor-libere-de-pesta-porcina-clasica.jpg", "url":"http://www.ziarelive.ro/stiri/liber-la-export-romania-a-fost-admisa-pe-lista-oficiala-a-statelor-libere-de-pesta-porcina-clasica.html", "geores":3, "mentionedthemes":";TAX_FNCACT_CITIZENS;TAX_FNCACT_STATESMEN;EPU_ECONOMY_HISTORIC;EPU_CATS_MIGRATION_FEAR_FEAR;EPU_CATS_NATIONAL_SECURITY;TERROR;ARMEDCONFLICT;TAX_FNCACT_MINISTER;TAX_FNCACT_VICTIMS;CRISISLEX_CRISISLEXREC;CRISISLEX_T08_MISSINGFOUNDTRAPPEDPEOPLE;TAX_FNCACT_OFFICIALS;UNREST_BELLIGERENT;", "mentionednames":";Center_Terror;", "OBJECTID":10115}}