{"type":"Feature", "geometry":{"type":"Point", "coordinates":[35, 39]}, "properties":{"urlpubtimedate":"2017-05-24T07:00:00Z", "name":"Turkey", "urltone":-1.81, "domain":"kp.ru", "urllangcode":"rus", "urlsocialimage":"", "url":"http://www.kp.ru/online/news/2754527/", "geores":1, "mentionedthemes":";TAX_ETHNICITY_TURKISH;TAX_WORLDLANGUAGES_TURKISH;TAX_FNCACT_DIRECTOR;MEDIA_MSM;USPEC_POLITICS_GENERAL1;TAX_FNCACT_LEADER;LEADER;TAX_FNCACT_PRESIDENT;TAX_ETHNICITY_RUSSIAN;TAX_WORLDLANGUAGES_RUSSIAN;TAX_FOODSTAPLES_CORN;TAX_FOODSTAPLES_WHEAT;CRISISLEX_O01_WEATHER;CRISISLEX_O01_WEATHER;", "mentionednames":";Turkish_Statistics_Committee;", "OBJECTID":10119}}