{"type":"Feature", "geometry":{"type":"Point", "coordinates":[2, 46]}, "properties":{"urlpubtimedate":"2017-05-24T07:00:00Z", "name":"France", "urltone":-7.33, "domain":"mytwintiers.com", "urllangcode":"eng", "urlsocialimage":"http://static.lakana.com/nxsglobal/feedsite/photo/2017/03/23/Theresa%20May%20makes%20statement%20on%20London%20terror%20attack_18787372_ver1.0_640_360.jpg", "url":"http://www.mytwintiers.com/news/world-news/uk-raises-terror-threat-are-more-attacks-expected/720170188", "geores":1, "mentionedthemes":";EXTREMISM;TAX_RELIGION_ISLAMIC;MILITARY;TAX_FNCACT_SOLDIER;TAX_TERROR_GROUP_ISIS;TAX_TERROR_GROUP_ISIS;TAX_ETHNICITY_FRENCH;TAX_WORLDLANGUAGES_FRENCH;TAX_ETHNICITY_FRENCH;TAX_WORLDLANGUAGES_FRENCH;TAX_TERROR_GROUP_AL_QAEDA;MANMADE_DISASTER_IMPLIED;PUBLIC_TRANSPORT;ELECTION;ELECTION;TAX_TERROR_GROUP_AL_QAEDA_IN_YEMEN;", "mentionednames":";United_States;", "OBJECTID":10127}}