{"type":"Feature", "geometry":{"type":"Point", "coordinates":[100, 60]}, "properties":{"urlpubtimedate":"2017-05-24T07:00:00Z", "name":"Russia", "urltone":-1.81, "domain":"kp.ru", "urllangcode":"rus", "urlsocialimage":"", "url":"http://www.kp.ru/online/news/2754527/", "geores":1, "mentionedthemes":";TAX_ETHNICITY_RUSSIAN;TAX_WORLDLANGUAGES_RUSSIAN;TAX_FOODSTAPLES_WHEAT;TAX_FOODSTAPLES_WHEAT;TAX_FOODSTAPLES_WHEAT;TAX_FOODSTAPLES_GRAIN;WB_1921_PRIVATE_SECTOR_DEVELOPMENT;WB_405_BUSINESS_CLIMATE;WB_2531_INSPECTIONS_LICENSING_AND_PERMITS;WB_2530_BUSINESS_ENVIRONMENT;", "mentionednames":"", "OBJECTID":10122}}