{"type":"Feature", "geometry":{"type":"Point", "coordinates":[-2, 54]}, "properties":{"urlpubtimedate":"2017-05-24T07:00:00Z", "name":"United Kingdom", "urltone":-7.33, "domain":"mytwintiers.com", "urllangcode":"eng", "urlsocialimage":"http://static.lakana.com/nxsglobal/feedsite/photo/2017/03/23/Theresa%20May%20makes%20statement%20on%20London%20terror%20attack_18787372_ver1.0_640_360.jpg", "url":"http://www.mytwintiers.com/news/world-news/uk-raises-terror-threat-are-more-attacks-expected/720170188", "geores":1, "mentionedthemes":";UNGP_FORESTS_RIVERS_OCEANS;UNGP_FORESTS_RIVERS_OCEANS;LEADER;TAX_FNCACT_PRIME_MINISTER;TAX_FNCACT_MINISTER;CRISISLEX_C07_SAFETY;CRISISLEX_T01_CAUTION_ADVICE;CRISISLEX_CRISISLEXREC;CRISISLEX_T01_CAUTION_ADVICE;CRISISLEX_CRISISLEXREC;CRISISLEX_T01_CAUTION_ADVICE;CRISISLEX_CRISISLEXREC;SECURITY_SERVICES;WB_696_PUBLIC_SECTOR_MANAGEMENT;WB_840_JUSTICE;WB_1934_CIVILLIAN_POLICE_AND_SECURITY_SERVICES;WB_1014_CRIMINAL_JUSTICE;KILL;CRISISLEX_T03_DEAD;EPU_CATS_MIGRATION_FEAR_FEAR;EPU_CATS_NATIONAL_SECURITY;TERROR;ARMEDCONFLICT;TERROR;ARMEDCONFLICT;TERROR;ARMEDCONFLICT;UNREST_BELLIGERENT;UNREST_BELLIGERENT;UNREST_BELLIGERENT;", "mentionednames":";Theresa_May;Cnn;", "OBJECTID":10132}}