{"type":"Feature", "geometry":{"type":"Point", "coordinates":[-2, 54]}, "properties":{"urlpubtimedate":"2017-05-24T07:00:00Z", "name":"United Kingdom", "urltone":-7.33, "domain":"mytwintiers.com", "urllangcode":"eng", "urlsocialimage":"http://static.lakana.com/nxsglobal/feedsite/photo/2017/03/23/Theresa%20May%20makes%20statement%20on%20London%20terror%20attack_18787372_ver1.0_640_360.jpg", "url":"http://www.mytwintiers.com/news/world-news/uk-raises-terror-threat-are-more-attacks-expected/720170188", "geores":1, "mentionedthemes":";WB_678_DIGITAL_GOVERNMENT;WB_670_ICT_SECURITY;WB_2371_ENCRYPTION;WB_133_INFORMATION_AND_COMMUNICATION_TECHNOLOGIES;WB_2492_COUNTER_TERRORISM;WB_2470_PEACE_OPERATIONS_AND_CONFLICT_MANAGEMENT;WB_2432_FRAGILITY_CONFLICT_AND_VIOLENCE;WB_2490_NATIONAL_PROTECTION_AND_SECURITY;TAX_FNCACT_POLICE;TAX_FNCACT_POLICE;TAX_FNCACT_POLICE;TAX_TERROR_GROUP_ISIS;EPU_CATS_MIGRATION_FEAR_FEAR;EPU_CATS_NATIONAL_SECURITY;TAX_FNCACT_AUTHORITIES;EPU_POLICY_AUTHORITIES;TAX_FNCACT_PLOTTERS;TERROR;ARMEDCONFLICT;TERROR;ARMEDCONFLICT;GENERAL_GOVERNMENT;", "mentionednames":"", "OBJECTID":10142}}