{"type":"Feature", "geometry":{"type":"Point", "coordinates":[-2, 54]}, "properties":{"urlpubtimedate":"2017-05-24T07:00:00Z", "name":"United Kingdom", "urltone":-7.33, "domain":"mytwintiers.com", "urllangcode":"eng", "urlsocialimage":"http://static.lakana.com/nxsglobal/feedsite/photo/2017/03/23/Theresa%20May%20makes%20statement%20on%20London%20terror%20attack_18787372_ver1.0_640_360.jpg", "url":"http://www.mytwintiers.com/news/world-news/uk-raises-terror-threat-are-more-attacks-expected/720170188", "geores":1, "mentionedthemes":";EXTREMISM;WB_2492_COUNTER_TERRORISM;WB_2470_PEACE_OPERATIONS_AND_CONFLICT_MANAGEMENT;WB_2432_FRAGILITY_CONFLICT_AND_VIOLENCE;WB_2490_NATIONAL_PROTECTION_AND_SECURITY;ARREST;SOC_GENERALCRIME;CRISISLEX_T04_INFRASTRUCTURE;CRISISLEX_CRISISLEXREC;KILL;CRISISLEX_T03_DEAD;TAX_FNCACT_POLICE;TAX_FNCACT_POLICE;TAX_FNCACT_POLICE;TAX_FNCACT_AUTHORITIES;EPU_POLICY_AUTHORITIES;TAX_FNCACT_POLICE_OFFICER;TAX_FNCACT_OFFICER;TERROR;ARMEDCONFLICT;TERROR;ARMEDCONFLICT;GENERAL_GOVERNMENT;TAX_FNCACT_MAN;", "mentionednames":";Khalid_Masood;", "OBJECTID":10155}}