{"type":"Feature", "geometry":{"type":"Point", "coordinates":[-2, 54]}, "properties":{"urlpubtimedate":"2017-05-24T07:00:00Z", "name":"United Kingdom", "urltone":-7.33, "domain":"mytwintiers.com", "urllangcode":"eng", "urlsocialimage":"http://static.lakana.com/nxsglobal/feedsite/photo/2017/03/23/Theresa%20May%20makes%20statement%20on%20London%20terror%20attack_18787372_ver1.0_640_360.jpg", "url":"http://www.mytwintiers.com/news/world-news/uk-raises-terror-threat-are-more-attacks-expected/720170188", "geores":1, "mentionedthemes":";CRISISLEX_C07_SAFETY;ARREST;SOC_GENERALCRIME;SECURITY_SERVICES;WB_696_PUBLIC_SECTOR_MANAGEMENT;WB_840_JUSTICE;WB_1934_CIVILLIAN_POLICE_AND_SECURITY_SERVICES;WB_1014_CRIMINAL_JUSTICE;ECON_PROPANE;TERROR;ARMEDCONFLICT;TAX_TERROR_GROUP_AL_QAEDA;SOC_POINTSOFINTEREST_AIRPORT;WB_135_TRANSPORT;WB_1803_TRANSPORT_INFRASTRUCTURE;WB_1804_AIRPORTS;", "mentionednames":"", "OBJECTID":10158}}