{"type":"Feature", "geometry":{"type":"Point", "coordinates":[116.388, 39.9289]}, "properties":{"urlpubtimedate":"2017-05-24T07:00:00Z", "name":"Beijing, Beijing, China", "urltone":-7.48, "domain":"focus.de", "urllangcode":"deu", "urlsocialimage":"http://p5.focus.de/img/fotos/crop5081675/0392717994-w1200-h627-o-q75-p5/china-flagge.jpg", "url":"http://www.focus.de/finanzen/news/zu-hohe-schulden-ratingagentur-moodys-senkt-note-fuer-china-regierung-in-peking-reagiert-beleidigt_id_7172273.html", "geores":3, "mentionedthemes":";GENERAL_GOVERNMENT;EPU_POLICY_GOVERNMENT;TAX_FNCACT_ECONOMISTS;EPU_ECONOMY;EPU_ECONOMY_HISTORIC;EPU_POLICY_REFORM;USPEC_POLICY1;EPU_POLICY_BUDGET;", "mentionednames":";Credit_Rating_Agency_Do;Moody;Moody;", "OBJECTID":10168}}