{"type":"Feature", "geometry":{"type":"Point", "coordinates":[114.167, 22.25]}, "properties":{"urlpubtimedate":"2017-05-24T07:00:00Z", "name":"Hong Kong", "urltone":-7.48, "domain":"focus.de", "urllangcode":"deu", "urlsocialimage":"http://p5.focus.de/img/fotos/crop5081675/0392717994-w1200-h627-o-q75-p5/china-flagge.jpg", "url":"http://www.focus.de/finanzen/news/zu-hohe-schulden-ratingagentur-moodys-senkt-note-fuer-china-regierung-in-peking-reagiert-beleidigt_id_7172273.html", "geores":1, "mentionedthemes":";MARITIME;ECON_DEBT;WB_1104_MACROECONOMIC_VULNERABILITY_AND_DEBT;WB_450_DEBT;TAX_FNCACT_ANALYSTS;", "mentionednames":";Moody;", "OBJECTID":10179}}