{"type":"Feature", "geometry":{"type":"Point", "coordinates":[116.388, 39.9289]}, "properties":{"urlpubtimedate":"2017-05-24T07:00:00Z", "name":"Beijing, Beijing, China", "urltone":-7.48, "domain":"focus.de", "urllangcode":"deu", "urlsocialimage":"http://p5.focus.de/img/fotos/crop5081675/0392717994-w1200-h627-o-q75-p5/china-flagge.jpg", "url":"http://www.focus.de/finanzen/news/zu-hohe-schulden-ratingagentur-moodys-senkt-note-fuer-china-regierung-in-peking-reagiert-beleidigt_id_7172273.html", "geores":3, "mentionedthemes":";MARITIME;ECON_DEBT;WB_1104_MACROECONOMIC_VULNERABILITY_AND_DEBT;WB_450_DEBT;EPU_POLICY_REFORM;TAX_FNCACT_ANALYSTS;TAX_ETHNICITY_CHINESE;TAX_WORLDLANGUAGES_CHINESE;", "mentionednames":";Moody;Moody;", "OBJECTID":10170}}