{"type":"Feature", "geometry":{"type":"Point", "coordinates":[-58.15, 6.8]}, "properties":{"urlpubtimedate":"2017-05-24T07:00:00Z", "name":"Georgetown, Demerara-Mahaica, Guyana", "urltone":-2.67, "domain":"stabroeknews.com", "urllangcode":"eng", "urlsocialimage":"", "url":"http://www.stabroeknews.com/2017/news/stories/05/24/no-renegotiating-illegal-parking-meter-contract/", "geores":3, "mentionedthemes":";TAX_FNCACT_REPRESENTATIVES;EPU_ECONOMY_HISTORIC;SECURITY_SERVICES;TAX_FNCACT_POLICE;CRISISLEX_C07_SAFETY;USPEC_POLITICS_GENERAL1;TAX_FNCACT_REPRESENTATIVE;", "mentionednames":";Sector_Commission;", "OBJECTID":10181}}