{"type":"Feature", "geometry":{"type":"Point", "coordinates":[-59, 5]}, "properties":{"urlpubtimedate":"2017-05-24T07:00:00Z", "name":"Guyana", "urltone":-2.67, "domain":"stabroeknews.com", "urllangcode":"eng", "urlsocialimage":"", "url":"http://www.stabroeknews.com/2017/news/stories/05/24/no-renegotiating-illegal-parking-meter-contract/", "geores":1, "mentionedthemes":";TAX_FNCACT_REPRESENTATIVES;MOVEMENT_GENERAL;USPEC_POLITICS_GENERAL1;USPEC_POLITICS_GENERAL1;", "mentionednames":";Movement_Against_Parking_Meters;", "OBJECTID":10182}}