{"type":"Feature", "geometry":{"type":"Point", "coordinates":[-58.35, 6.85]}, "properties":{"urlpubtimedate":"2017-05-24T07:00:00Z", "name":"Zeelugt, Essequibo Islands-West Demerara, Guyana", "urltone":-2.67, "domain":"stabroeknews.com", "urllangcode":"eng", "urlsocialimage":"", "url":"http://www.stabroeknews.com/2017/news/stories/05/24/no-renegotiating-illegal-parking-meter-contract/", "geores":3, "mentionedthemes":";TAX_FNCACT_PROPRIETOR;AGRICULTURE;TAX_FNCACT_FARMERS;WB_368_LEASING;CRISISLEX_CRISISLEXREC;PIRACY;TAX_FNCACT_PIRATE;NATURAL_DISASTER_FLOODS;CRIME_ILLEGAL_DRUGS;DRUG_TRADE;PROTEST;ECON_DEBT;WB_1104_MACROECONOMIC_VULNERABILITY_AND_DEBT;WB_450_DEBT;AFFECT;WB_698_TRADE;TAX_FNCACT_WORKERS;", "mentionednames":"", "OBJECTID":10183}}