{"type":"Feature", "geometry":{"type":"Point", "coordinates":[20.1389, 40.0758]}, "properties":{"urlpubtimedate":"2017-05-24T07:00:00Z", "name":"Gjirokastra, GjirokastëAl, Albania", "urltone":-0.87, "domain":"telegraf.al", "urllangcode":"sqi", "urlsocialimage":"http://telegraf.al/content/uploads/2017/may/24/dr-tritan-kalo-c1200x600-c1200x600-c1200x600.jpg", "url":"http://telegraf.al/opinion/prof.-tritan-kalo-kurbani-dhe-kurban-beresit", "geores":3, "mentionedthemes":";TAX_FNCACT_IMAM;SLFID_DICTATORSHIP;SLFID_DICTATORSHIP;TAX_RELIGION_CHURCH;LEGISLATION;EPU_POLICY_LAW;", "mentionednames":";Ismail_Kemal_Vlora;Enver_Imam;Himself_Church;", "OBJECTID":10197}}