{"type":"Feature", "geometry":{"type":"Point", "coordinates":[28.9647, 41.0186]}, "properties":{"urlpubtimedate":"2017-05-24T07:00:00Z", "name":"Istanbul, Istanbul, Turkey", "urltone":-1.07, "domain":"sozcu.com.tr", "urllangcode":"tur", "urlsocialimage":"http://i.sozcu.com.tr/wp-content/uploads/2017/05/658fc39c8523820377e4dcb668d300c7.jpg", "url":"http://www.sozcu.com.tr/2017/gundem/son-dakika-haberi/istanbul-aile-hekimleri-dernegi-istahed-ikon-2017yi-kktcde-gerceklestiriyor-1866499/", "geores":3, "mentionedthemes":";TAX_FNCACT_PHYSICIANS;TAX_FNCACT_PHYSICIANS;TAX_FNCACT_PHYSICIANS;TAX_FNCACT_PHYSICIANS;", "mentionednames":"", "OBJECTID":10190}}