{"type":"Feature", "geometry":{"type":"Point", "coordinates":[19.8189, 41.3275]}, "properties":{"urlpubtimedate":"2017-05-24T07:00:00Z", "name":"Tirana, Tirane, Albania", "urltone":-0.87, "domain":"telegraf.al", "urllangcode":"sqi", "urlsocialimage":"http://telegraf.al/content/uploads/2017/may/24/dr-tritan-kalo-c1200x600-c1200x600-c1200x600.jpg", "url":"http://telegraf.al/opinion/prof.-tritan-kalo-kurbani-dhe-kurban-beresit", "geores":3, "mentionedthemes":";TAX_FNCACT_IMAM;SLFID_DICTATORSHIP;DEMOCRACY;UNGP_POLITICAL_FREEDOMS;WB_696_PUBLIC_SECTOR_MANAGEMENT;WB_831_GOVERNANCE;LEGISLATION;EPU_POLICY_LAW;", "mentionednames":";Enver_Imam;", "OBJECTID":10198}}