{"type":"Feature", "geometry":{"type":"Point", "coordinates":[20, 41]}, "properties":{"urlpubtimedate":"2017-05-24T07:00:00Z", "name":"Albania", "urltone":-0.87, "domain":"telegraf.al", "urllangcode":"sqi", "urlsocialimage":"http://telegraf.al/content/uploads/2017/may/24/dr-tritan-kalo-c1200x600-c1200x600-c1200x600.jpg", "url":"http://telegraf.al/opinion/prof.-tritan-kalo-kurbani-dhe-kurban-beresit", "geores":1, "mentionedthemes":";KILL;CRISISLEX_T03_DEAD;GEN_HOLIDAY;RELIGION;", "mentionednames":"", "OBJECTID":10208}}