{"type":"Feature", "geometry":{"type":"Point", "coordinates":[12.8333, 42.8333]}, "properties":{"urlpubtimedate":"2017-05-24T07:00:00Z", "name":"Italy", "urltone":-0.87, "domain":"telegraf.al", "urllangcode":"sqi", "urlsocialimage":"http://telegraf.al/content/uploads/2017/may/24/dr-tritan-kalo-c1200x600-c1200x600-c1200x600.jpg", "url":"http://telegraf.al/opinion/prof.-tritan-kalo-kurbani-dhe-kurban-beresit", "geores":1, "mentionedthemes":";UNGP_FORESTS_RIVERS_OCEANS;TREASON;TAX_FNCACT_TREASURER;TAX_ETHNICITY_ITALIAN;TAX_WORLDLANGUAGES_ITALIAN;TAX_FNCACT_FATHERS;", "mentionednames":"", "OBJECTID":10200}}