{"type":"Feature", "geometry":{"type":"Point", "coordinates":[22, 39]}, "properties":{"urlpubtimedate":"2017-05-24T07:00:00Z", "name":"Greece", "urltone":-0.87, "domain":"telegraf.al", "urllangcode":"sqi", "urlsocialimage":"http://telegraf.al/content/uploads/2017/may/24/dr-tritan-kalo-c1200x600-c1200x600-c1200x600.jpg", "url":"http://telegraf.al/opinion/prof.-tritan-kalo-kurbani-dhe-kurban-beresit", "geores":1, "mentionedthemes":";EPU_POLICY_REFORM;WB_840_JUSTICE;PROTEST;TAX_FNCACT_DEMONSTRATORS;DEMOCRACY;UNGP_POLITICAL_FREEDOMS;DEMOCRACY;UNGP_POLITICAL_FREEDOMS;WB_696_PUBLIC_SECTOR_MANAGEMENT;WB_831_GOVERNANCE;", "mentionednames":"", "OBJECTID":10201}}