{"type":"Feature", "geometry":{"type":"Point", "coordinates":[-2, 54]}, "properties":{"urlpubtimedate":"2017-05-24T07:00:00Z", "name":"United Kingdom", "urltone":-4.83, "domain":"deia.com", "urllangcode":"spa", "urlsocialimage":"", "url":"http://www.deia.com/2017/05/24/mundo/may-decreta-maxima-alerta-con-la-campana-electoral-suspendida", "geores":1, "mentionedthemes":";ELECTION;CRISISLEX_CRISISLEXREC;CRISISLEX_CRISISLEXREC;CRISISLEX_CRISISLEXREC;TAX_FNCACT_MINISTER;TAX_FNCACT_MINISTER;", "mentionednames":";Theresa_May;Theresa_May;", "OBJECTID":10214}}