{"type":"Feature", "geometry":{"type":"Point", "coordinates":[36, 31]}, "properties":{"urlpubtimedate":"2017-05-24T07:00:00Z", "name":"Jordan", "urltone":-8, "domain":"thejournal.ie", "urllangcode":"eng", "urlsocialimage":"http://img2.thejournal.ie/article/3405623/river/?&version=3405656", "url":"http://www.thejournal.ie/manchester-victims-named-3405623-May2017/", "geores":1, "mentionedthemes":";MEDIA_SOCIAL;MEDIA_SOCIAL;TAX_FNCACT_HUNTER;MEDICAL;SOC_POINTSOFINTEREST_HOSPITALS;KILL;TAX_FNCACT_VICTIMS;CRISISLEX_CRISISLEXREC;CRISISLEX_T08_MISSINGFOUNDTRAPPEDPEOPLE;AFFECT;", "mentionednames":";Lisa_Lees;Alison_Howe;Lee_Hunter;Facebook;Facebook;", "OBJECTID":10225}}