{"type":"Feature", "geometry":{"type":"Point", "coordinates":[133, -27]}, "properties":{"urlpubtimedate":"2017-05-24T07:00:00Z", "name":"Australia", "urltone":-1.91, "domain":"baomoi.com", "urllangcode":"vie", "urlsocialimage":"http://baomoi-photo-fbcrawler-td.zadn.vn/w720x480//17/05/24/12/22359629/1_87167.jpg", "url":"http://www.baomoi.com/roland-garros-sharapova-va-nguy-co-sach-bong-hoa-khoi/c/22359629.epi", "geores":1, "mentionedthemes":"", "mentionednames":";International_Australia;", "OBJECTID":10237}}