{"type":"Feature", "geometry":{"type":"Point", "coordinates":[36, 31]}, "properties":{"urlpubtimedate":"2017-05-24T07:00:00Z", "name":"Jordan", "urltone":1.03, "domain":"greenfieldreporter.com", "urllangcode":"eng", "urlsocialimage":"http://d1bdhkmqqz901h.cloudfront.net/1200x630/smart/http://www.greenfieldreporter.com/wp-content/uploads/sites/11/2017/05/5924e4e07fbbd.hires_.jpg", "url":"http://www.greenfieldreporter.com/2017/05/24/future_bright_for_new_pal/", "geores":1, "mentionedthemes":"", "mentionednames":";Indiana_University_On;", "OBJECTID":10235}}