{"type":"Feature", "geometry":{"type":"Point", "coordinates":[-2.2167, 53.5]}, "properties":{"urlpubtimedate":"2017-05-24T07:00:00Z", "name":"Manchester, Manchester, United Kingdom", "urltone":-8, "domain":"thejournal.ie", "urllangcode":"eng", "urlsocialimage":"http://img2.thejournal.ie/article/3405623/river/?&version=3405656", "url":"http://www.thejournal.ie/manchester-victims-named-3405623-May2017/", "geores":3, "mentionedthemes":";MEDIA_SOCIAL;MEDIA_SOCIAL;TAX_FNCACT_HUNTER;MEDICAL;SOC_POINTSOFINTEREST_HOSPITALS;KILL;TAX_FNCACT_VICTIMS;CRISISLEX_CRISISLEXREC;CRISISLEX_T08_MISSINGFOUNDTRAPPEDPEOPLE;AFFECT;", "mentionednames":";Lisa_Lees;Alison_Howe;Lee_Hunter;Saffie_Rose_Roussos;Facebook;Facebook;", "OBJECTID":10231}}