{"type":"Feature", "geometry":{"type":"Point", "coordinates":[151.217, -33.8833]}, "properties":{"urlpubtimedate":"2017-05-24T07:00:00Z", "name":"Sydney, New South Wales, Australia", "urltone":1.03, "domain":"greenfieldreporter.com", "urllangcode":"eng", "urlsocialimage":"http://d1bdhkmqqz901h.cloudfront.net/1200x630/smart/http://www.greenfieldreporter.com/wp-content/uploads/sites/11/2017/05/5924e4e07fbbd.hires_.jpg", "url":"http://www.greenfieldreporter.com/2017/05/24/future_bright_for_new_pal/", "geores":3, "mentionedthemes":"", "mentionednames":";Lillie_Cain;Hannah_Burkhart;Mackenzie_Polster;", "OBJECTID":10236}}