{"type":"Feature", "geometry":{"type":"Point", "coordinates":[-2.2167, 53.5]}, "properties":{"urlpubtimedate":"2017-05-24T07:00:00Z", "name":"Manchester, Manchester, United Kingdom", "urltone":-8, "domain":"thejournal.ie", "urllangcode":"eng", "urlsocialimage":"http://img2.thejournal.ie/article/3405623/river/?&version=3405656", "url":"http://www.thejournal.ie/manchester-victims-named-3405623-May2017/", "geores":3, "mentionedthemes":";UNGP_FORESTS_RIVERS_OCEANS;EPU_CATS_MIGRATION_FEAR_FEAR;EPU_CATS_NATIONAL_SECURITY;TERROR;TAX_FNCACT_VICTIMS;CRISISLEX_CRISISLEXREC;CRISISLEX_T08_MISSINGFOUNDTRAPPEDPEOPLE;TAX_FNCACT_VICTIMS;CRISISLEX_CRISISLEXREC;CRISISLEX_T08_MISSINGFOUNDTRAPPEDPEOPLE;", "mentionednames":";Albert_Square;", "OBJECTID":10233}}