{"type":"Feature", "geometry":{"type":"Point", "coordinates":[133, -27]}, "properties":{"urlpubtimedate":"2017-05-24T07:00:00Z", "name":"Australia", "urltone":1.86, "domain":"musicfeeds.com.au", "urllangcode":"eng", "urlsocialimage":"http://cdn2-www.musicfeeds.com.au/assets/uploads/15178294_10154793844453092_672005471196055862_n.jpg", "url":"http://musicfeeds.com.au/news/kendrick-lamar-gives-australia-shout-remix-futures-mask-off/", "geores":1, "mentionedthemes":"", "mentionednames":";Kendrick_Lamar;", "OBJECTID":10240}}