{"type":"Feature", "geometry":{"type":"Point", "coordinates":[74.5667, 16.8667]}, "properties":{"urlpubtimedate":"2017-05-24T07:00:00Z", "name":"Sangli, Maharashtra, India", "urltone":-3.77, "domain":"saamana.com", "urllangcode":"mar", "urlsocialimage":"http://www.saamana.com/wp-content/uploads/2017/05/Farmer-1.jpg", "url":"http://www.saamana.com/cm-did-not-attend-the-farmers-wish/", "geores":3, "mentionedthemes":";IDEOLOGY;IDEOLOGY;TAX_FNCACT_CHIEF;TAX_FNCACT_CHIEF;TAX_FNCACT_CHIEF;MOVEMENT_GENERAL;SOC_SUICIDE;SECURITY_SERVICES;TAX_FNCACT_POLICE;CRISISLEX_C07_SAFETY;AGRICULTURE;TAX_FNCACT_FARMERS;AGRICULTURE;TAX_FNCACT_FARMERS;AGRICULTURE;TAX_FNCACT_FARMERS;AGRICULTURE;TAX_FNCACT_FARMERS;AGRICULTURE;TAX_FNCACT_FARMERS;TAX_WORLDBIRDS_DUCK;TAX_FNCACT_MINISTER;TAX_FNCACT_MINISTER;", "mentionednames":";Ranjit_Patil;", "OBJECTID":10259}}