{"type":"Feature", "geometry":{"type":"Point", "coordinates":[-112.074, 33.4484]}, "properties":{"urlpubtimedate":"2017-05-24T07:00:00Z", "name":"Phoenix, Arizona, United States", "urltone":3.12, "domain":"hln.be", "urllangcode":"nld", "urlsocialimage":"http://static0.hln.be/static/photo/2017/10/15/14/20170524080402/media_xll_9751589.jpg", "url":"http://www.hln.be/hln/nl/4900/Europa-League/article/detail/3165613/2017/05/24/Fellaini-openhartig-Voor-Mourinho-breek-ik-mijn-voet.dhtml", "geores":3, "mentionedthemes":"", "mentionednames":"", "OBJECTID":10258}}