{"type":"Feature", "geometry":{"type":"Point", "coordinates":[17, 25]}, "properties":{"urlpubtimedate":"2017-05-24T07:00:00Z", "name":"Libya", "urltone":-7.07, "domain":"epochtimes.de", "urllangcode":"deu", "urlsocialimage":"http://www.epochtimes.de/assets/uploads/2017/05/GettyImages-687353932-640x426.jpg", "url":"http://www.epochtimes.de/politik/welt/manchester-22-jaehriger-salman-abedi-als-selbstmordattentaeter-identifiziert-das-ist-ueber-den-is-anhaenger-bekannt-a2126051.html", "geores":1, "mentionedthemes":"", "mentionednames":"", "OBJECTID":10268}}