{"type":"Feature", "geometry":{"type":"Point", "coordinates":[-71.5314, 42.2373]}, "properties":{"urlpubtimedate":"2017-05-24T07:00:00Z", "name":"Massachusetts, United States", "urltone":-1.97, "domain":"sfgate.com", "urllangcode":"eng", "urlsocialimage":"http://www.sfgate.com/img/pages/article/opengraph_default.png", "url":"http://www.sfgate.com/news/article/Commission-won-t-let-man-run-for-2-seats-on-same-11169048.php", "geores":2, "mentionedthemes":";TAX_FNCACT_CANDIDATE;ELECTION;TAX_WORLDLANGUAGES_MASSACHUSETTS;", "mentionednames":"", "OBJECTID":10261}}