{"type":"Feature", "geometry":{"type":"Point", "coordinates":[127.5, 37]}, "properties":{"urlpubtimedate":"2017-05-24T07:00:00Z", "name":"South Korea", "urltone":0, "domain":"kbs.co.kr", "urllangcode":"eng", "urlsocialimage":"http://worldimg.kbs.co.kr/src/images/news/201705/170524025357_e51.jpg", "url":"http://world.kbs.co.kr/english/news/news_Ec_detail.htm?No=127542", "geores":1, "mentionedthemes":";GENERAL_GOVERNMENT;EPU_POLICY_GOVERNMENT;TAX_DISEASE_OVERWEIGHT;WB_1406_DISEASES;WB_1435_OBESITY;WB_621_HEALTH_NUTRITION_AND_POPULATION;WB_1427_NON_COMMUNICABLE_DISEASE_AND_INJURY;TAX_ETHNICITY_KOREAN;TAX_WORLDLANGUAGES_KOREAN;ECON_FOREIGNINVEST;ECON_FOREIGNINVEST;", "mentionednames":";America_Merrill_Lynch;Korea_Center;Jp_Morgan;Credit_Suisse;Goldman_Sachs;", "OBJECTID":10285}}