{"type":"Feature", "geometry":{"type":"Point", "coordinates":[127.5, 37]}, "properties":{"urlpubtimedate":"2017-05-24T07:00:00Z", "name":"South Korea", "urltone":0, "domain":"kbs.co.kr", "urllangcode":"eng", "urlsocialimage":"http://worldimg.kbs.co.kr/src/images/news/201705/170524025357_e51.jpg", "url":"http://world.kbs.co.kr/english/news/news_Ec_detail.htm?No=127542", "geores":1, "mentionedthemes":";ECON_STOCKMARKET;TAX_ECON_PRICE;ECON_FOREIGNINVEST;", "mentionednames":";Korea_Center;", "OBJECTID":10282}}