{"type":"Feature", "geometry":{"type":"Point", "coordinates":[127.5, 37]}, "properties":{"urlpubtimedate":"2017-05-24T07:00:00Z", "name":"South Korea", "urltone":0, "domain":"kbs.co.kr", "urllangcode":"eng", "urlsocialimage":"http://worldimg.kbs.co.kr/src/images/news/201705/170524025357_e51.jpg", "url":"http://world.kbs.co.kr/english/news/news_Ec_detail.htm?No=127542", "geores":1, "mentionedthemes":";MEDIA_MSM;MEDIA_MSM;WB_678_DIGITAL_GOVERNMENT;WB_694_BROADCAST_AND_MEDIA;WB_133_INFORMATION_AND_COMMUNICATION_TECHNOLOGIES;", "mentionednames":"", "OBJECTID":10287}}