{"type":"Feature", "geometry":{"type":"Point", "coordinates":[9, 51]}, "properties":{"urlpubtimedate":"2017-05-24T07:00:00Z", "name":"Germany", "urltone":0.89, "domain":"finanznachrichten.de", "urllangcode":"deu", "urlsocialimage":"http://fns1.de/g/fb.png", "url":"http://www.finanznachrichten.de/nachrichten-2017-05/40793090-aktie-im-fokus-hella-leiden-vorboerslich-unter-aktienplatzierung-und-abstufung-016.htm", "geores":1, "mentionedthemes":";TAX_ECON_PRICE;TAX_ECON_PRICE;TAX_ETHNICITY_GERMAN;TAX_WORLDLANGUAGES_GERMAN;TAX_ETHNICITY_GERMAN;TAX_WORLDLANGUAGES_GERMAN;TAX_FNCACT_DEALER;WB_855_LABOR_MARKETS;WB_1650_PUBLIC_EMPLOYMENT_SERVICES;WB_697_SOCIAL_PROTECTION_AND_LABOR;WB_1652_PLACEMENT;", "mentionednames":";German_Telecom;German_Telecom;Us_Investment_Bank;", "OBJECTID":10295}}