{"type":"Feature", "geometry":{"type":"Point", "coordinates":[9, 51]}, "properties":{"urlpubtimedate":"2017-05-24T07:00:00Z", "name":"Germany", "urltone":0.89, "domain":"finanznachrichten.de", "urllangcode":"deu", "urlsocialimage":"http://fns1.de/g/fb.png", "url":"http://www.finanznachrichten.de/nachrichten-2017-05/40793090-aktie-im-fokus-hella-leiden-vorboerslich-unter-aktienplatzierung-und-abstufung-016.htm", "geores":1, "mentionedthemes":";WB_678_DIGITAL_GOVERNMENT;WB_667_ICT_INFRASTRUCTURE;WB_669_SOFTWARE_INFRASTRUCTURE;WB_2945_DATABASE;WB_133_INFORMATION_AND_COMMUNICATION_TECHNOLOGIES;WB_678_DIGITAL_GOVERNMENT;WB_667_ICT_INFRASTRUCTURE;WB_669_SOFTWARE_INFRASTRUCTURE;WB_2945_DATABASE;WB_133_INFORMATION_AND_COMMUNICATION_TECHNOLOGIES;TAX_ETHNICITY_GERMAN;TAX_WORLDLANGUAGES_GERMAN;TAX_FNCACT_DEALER;WB_698_TRADE;TAX_ETHNICITY_BLACK;WB_855_LABOR_MARKETS;WB_1650_PUBLIC_EMPLOYMENT_SERVICES;WB_697_SOCIAL_PROTECTION_AND_LABOR;WB_1652_PLACEMENT;", "mentionednames":"", "OBJECTID":10296}}