{"type":"Feature", "geometry":{"type":"Point", "coordinates":[153.36, -29.4354]}, "properties":{"urlpubtimedate":"2017-05-24T07:00:00Z", "name":"Yamba, New South Wales, Australia", "urltone":-2.29, "domain":"dailyexaminer.com.au", "urllangcode":"eng", "urlsocialimage":"https://media.apnarm.net.au/media/images/2012/09/27/computer_fct374x282x31_ct300x300.jpg", "url":"https://www.dailyexaminer.com.au/news/man-arrested-at-yamba-over-alleged-online-grooming/3181701/", "geores":3, "mentionedthemes":";SOC_POINTSOFINTEREST_POLICE_STATION;TAX_FNCACT_CHILD;ARREST;TAX_FNCACT_GROOM;TRIAL;TAX_FNCACT_DETECTIVES;SECURITY_SERVICES;TAX_FNCACT_POLICE;CRISISLEX_C07_SAFETY;SECURITY_SERVICES;TAX_FNCACT_POLICE;CRISISLEX_C07_SAFETY;TAX_WORLDLANGUAGES_YAMBA;KILL;MARITIME_INCIDENT;MARITIME;MANMADE_DISASTER_IMPLIED;TAX_FNCACT_MAN;TAX_FNCACT_MAN;TAX_FNCACT_MAN;TAX_FNCACT_MAN;", "mentionednames":";Grafton_Local_Court_On;Strike_Force_Trawler;Maclean;Maclean;", "OBJECTID":10302}}