{"type":"Feature", "geometry":{"type":"Point", "coordinates":[153.36, -29.4354]}, "properties":{"urlpubtimedate":"2017-05-24T07:00:00Z", "name":"Yamba, New South Wales, Australia", "urltone":-2.29, "domain":"dailyexaminer.com.au", "urllangcode":"eng", "urlsocialimage":"https://media.apnarm.net.au/media/images/2012/09/27/computer_fct374x282x31_ct300x300.jpg", "url":"https://www.dailyexaminer.com.au/news/man-arrested-at-yamba-over-alleged-online-grooming/3181701/", "geores":3, "mentionedthemes":";CRISISLEX_CRISISLEXREC;WB_2670_JOBS;WB_2048_COMPENSATION_CAREERS_AND_INCENTIVES;WB_723_PUBLIC_ADMINISTRATION;WB_724_HUMAN_RESOURCES_FOR_PUBLIC_SECTOR;CRISISLEX_T03_DEAD;ARREST;TAX_FNCACT_DETECTIVES;TAX_WORLDLANGUAGES_YAMBA;KILL;SOC_GENERALCRIME;EPU_CATS_MIGRATION_FEAR_FEAR;SOC_GENERALCRIME;EPU_CATS_MIGRATION_FEAR_FEAR;SOC_GENERALCRIME;EPU_CATS_MIGRATION_FEAR_FEAR;MEDIA_SOCIAL;TAX_FNCACT_MAN;TAX_FNCACT_MAN;", "mentionednames":";Twitter;Facebook;Maclean;", "OBJECTID":10303}}