{"type":"Feature", "geometry":{"type":"Point", "coordinates":[153.135, -29.5152]}, "properties":{"urlpubtimedate":"2017-05-24T07:00:00Z", "name":"Woodford Island, New South Wales, Australia", "urltone":-2.29, "domain":"dailyexaminer.com.au", "urllangcode":"eng", "urlsocialimage":"https://media.apnarm.net.au/media/images/2012/09/27/computer_fct374x282x31_ct300x300.jpg", "url":"https://www.dailyexaminer.com.au/news/man-arrested-at-yamba-over-alleged-online-grooming/3181701/", "geores":3, "mentionedthemes":";TAX_WORLDLANGUAGES_TERRI;TAX_FNCACT_KING;WB_678_DIGITAL_GOVERNMENT;WB_2943_SWITCHES;WB_667_ICT_INFRASTRUCTURE;WB_672_NETWORK_MANAGEMENT;INFO_RUMOR;", "mentionednames":";Terri_Irwin;Ritchie_King_Arthur;John_Safran;Dava_Sobel;Deng_Thiak_Adut;", "OBJECTID":10304}}