{"type":"Feature", "geometry":{"type":"Point", "coordinates":[116.388, 39.9289]}, "properties":{"urlpubtimedate":"2017-05-24T07:00:00Z", "name":"Beijing, Beijing, China", "urltone":-0.61, "domain":"cna.com.tw", "urllangcode":"zho", "urlsocialimage":"", "url":"http://www2.cna.com.tw/news/acn/201705240195-1.aspx", "geores":3, "mentionedthemes":";MEDIA_MSM;TAX_FNCACT_REPORTER;WB_678_DIGITAL_GOVERNMENT;WB_694_BROADCAST_AND_MEDIA;WB_133_INFORMATION_AND_COMMUNICATION_TECHNOLOGIES;", "mentionednames":"", "OBJECTID":10307}}