{"type":"Feature", "geometry":{"type":"Point", "coordinates":[152.95, -29.65]}, "properties":{"urlpubtimedate":"2017-05-24T07:00:00Z", "name":"Alumy Creek, New South Wales, Australia", "urltone":-2.29, "domain":"dailyexaminer.com.au", "urllangcode":"eng", "urlsocialimage":"https://media.apnarm.net.au/media/images/2012/09/27/computer_fct374x282x31_ct300x300.jpg", "url":"https://www.dailyexaminer.com.au/news/man-arrested-at-yamba-over-alleged-online-grooming/3181701/", "geores":3, "mentionedthemes":";RURAL;", "mentionednames":";Maclean;Fortis;", "OBJECTID":10301}}