{"type":"Feature", "geometry":{"type":"Point", "coordinates":[138, 36]}, "properties":{"urlpubtimedate":"2017-05-24T07:00:00Z", "name":"Japan", "urltone":-0.61, "domain":"cna.com.tw", "urllangcode":"zho", "urlsocialimage":"", "url":"http://www2.cna.com.tw/news/acn/201705240195-1.aspx", "geores":1, "mentionedthemes":";GENERAL_HEALTH;MEDICAL;TAX_FNCACT_DEPUTY;EDUCATION;SOC_POINTSOFINTEREST_SCHOOL;WB_678_DIGITAL_GOVERNMENT;WB_694_BROADCAST_AND_MEDIA;WB_133_INFORMATION_AND_COMMUNICATION_TECHNOLOGIES;WB_698_TRADE;LEADER;TAX_FNCACT_GOVERNOR;LEADER;TAX_FNCACT_GOVERNOR;TAX_FNCACT_PRESIDENT;USPEC_POLITICS_GENERAL1;TAX_FNCACT_TRADER;UNGP_FORESTS_RIVERS_OCEANS;", "mentionednames":";Foreign_Affairs;", "OBJECTID":10317}}