{"type":"Feature", "geometry":{"type":"Point", "coordinates":[-82.4584, 27.9475]}, "properties":{"urlpubtimedate":"2017-05-24T07:00:00Z", "name":"Tampa, Florida, United States", "urltone":0.83, "domain":"terra.cl", "urllangcode":"spa", "urlsocialimage":"", "url":"https://www.terra.cl/deportes/futbol-americano/nfl/nuevas-modificaciones-reglamento-nfl-dejan-en-10-minutos-tiempo-de-prorroga,b310f95301edc57fa6a3bec69dfa886725xmfhdl.html", "geores":3, "mentionedthemes":"", "mentionednames":"", "OBJECTID":10323}}