{"type":"Feature", "geometry":{"type":"Point", "coordinates":[-119.746, 36.17]}, "properties":{"urlpubtimedate":"2017-05-24T07:00:00Z", "name":"California, United States", "urltone":0.83, "domain":"terra.cl", "urllangcode":"spa", "urlsocialimage":"", "url":"https://www.terra.cl/deportes/futbol-americano/nfl/nuevas-modificaciones-reglamento-nfl-dejan-en-10-minutos-tiempo-de-prorroga,b310f95301edc57fa6a3bec69dfa886725xmfhdl.html", "geores":2, "mentionedthemes":"", "mentionednames":"", "OBJECTID":10320}}