{"type":"Feature", "geometry":{"type":"Point", "coordinates":[47.6581, 29.3375]}, "properties":{"urlpubtimedate":"2017-05-24T07:00:00Z", "name":"Kuwait", "urltone":-3.12, "domain":"manoramaonline.com", "urllangcode":"mal", "urlsocialimage":"http://gulf.manoramaonline.com/content/dam/mm/global-malayalee/us/images/2017/Feb/15/maid.jpg", "url":"http://gulf.manoramaonline.com/kuwait/2017/05/24/home-made.html", "geores":1, "mentionedthemes":";GENERAL_GOVERNMENT;EPU_POLICY_GOVERNMENT;DELAY;TAX_FNCACT_WORKER;TAX_FNCACT_AUTHORITIES;CRISISLEX_CRISISLEXREC;EPU_POLICY_AUTHORITIES;TAX_FNCACT_EMPLOYEES;TAX_FNCACT_WOMEN;USPEC_POLICY1;EPU_POLICY_REGULATION;EPU_CATS_REGULATION;", "mentionednames":";India_Embassy;", "OBJECTID":10331}}