{"type":"Feature", "geometry":{"type":"Point", "coordinates":[47.9783, 29.3697]}, "properties":{"urlpubtimedate":"2017-05-24T07:00:00Z", "name":"Kuwait City, Kuwait (General), Kuwait", "urltone":-3.12, "domain":"manoramaonline.com", "urllangcode":"mal", "urlsocialimage":"http://gulf.manoramaonline.com/content/dam/mm/global-malayalee/us/images/2017/Feb/15/maid.jpg", "url":"http://gulf.manoramaonline.com/kuwait/2017/05/24/home-made.html", "geores":3, "mentionedthemes":";GENERAL_GOVERNMENT;EPU_POLICY_GOVERNMENT;DELAY;EPU_ECONOMY_HISTORIC;TAX_FNCACT_INTERIOR_MINISTER;TAX_FNCACT_MINISTER;TAX_FNCACT_WORKER;RECRUITMENT;RECRUITMENT;APPOINTMENT;TAX_ECON_PRICE;TAX_ECON_PRICE;TAX_FNCACT_WORKERS;", "mentionednames":";Sheikh_Khalid_Al;Al_Sabah;", "OBJECTID":10340}}