{"type":"Feature", "geometry":{"type":"Point", "coordinates":[17.6333, 59.85]}, "properties":{"urlpubtimedate":"2017-05-24T07:00:00Z", "name":"Uppsala, Uppsala Lan, Sweden", "urltone":1.45, "domain":"globenewswire.com", "urllangcode":"eng", "urlsocialimage":"", "url":"http://globenewswire.com/news-release/2017/05/24/995501/0/en/C-RAD-files-a-patent-entitlement-law-suit-against-Beamocular.html", "geores":3, "mentionedthemes":";CRISISLEX_C03_WELLBEING_HEALTH;TAX_DISEASE_TUMOR;ECON_STOCKMARKET;", "mentionednames":";Nasdaq;Cyrpa_International;", "OBJECTID":10349}}