{"type":"Feature", "geometry":{"type":"Point", "coordinates":[26.5587, 41.6757]}, "properties":{"urlpubtimedate":"2017-05-24T07:00:00Z", "name":"Edirne, Edirne, Turkey", "urltone":-15.84, "domain":"haberler.com", "urllangcode":"tur", "urlsocialimage":"https://www.haberler.com/static/images/amp_default.png", "url":"https://www.haberler.com/feto-suphelileri-sinirda-yakalandi-9651630-haberi/", "geores":3, "mentionedthemes":";TERROR;WB_2467_TERRORISM;WB_2433_CONFLICT_AND_VIOLENCE;WB_2432_FRAGILITY_CONFLICT_AND_VIOLENCE;WB_2462_POLITICAL_VIOLENCE_AND_WAR;EPU_CATS_NATIONAL_SECURITY;TERROR;WB_2467_TERRORISM;WB_2433_CONFLICT_AND_VIOLENCE;WB_2432_FRAGILITY_CONFLICT_AND_VIOLENCE;WB_2462_POLITICAL_VIOLENCE_AND_WAR;EPU_CATS_NATIONAL_SECURITY;TAX_MILITARY_TITLE_COMMANDER;TAX_FNCACT_COMMANDER;MILITARY;TAX_MILITARY_TITLE_SOLDIERS;TAX_FNCACT_SOLDIERS;MILITARY;TAX_MILITARY_TITLE_SOLDIERS;TAX_FNCACT_SOLDIERS;MILITARY;TAX_MILITARY_TITLE_SOLDIERS;TAX_FNCACT_SOLDIERS;BORDER;BORDER;BORDER;", "mentionednames":";Terrorism_Organization;Terrorism_Organization;", "OBJECTID":10342}}