{"type":"Feature", "geometry":{"type":"Point", "coordinates":[127.5, 37]}, "properties":{"urlpubtimedate":"2017-05-24T07:00:00Z", "name":"South Korea", "urltone":0.88, "domain":"ohmynews.com", "urllangcode":"kor", "urlsocialimage":"http://ojsfile.ohmynews.com/CT_T_IMG/2017/0524/IE002164847_LT.jpg", "url":"http://www.ohmynews.com/NWS_Web/View/at_pg.aspx?CNTN_CD=A0002328236&PAGE_CD=N0002&CMPT_CD=M0112", "geores":1, "mentionedthemes":";TAX_FNCACT_CANDIDATE;WB_856_WAGES;WB_1654_ACTIVE_LABOR_MARKET_POLICIES;UNEMPLOYMENT;WB_2745_JOB_QUALITY_AND_LABOR_MARKET_PERFORMANCE;WB_2689_JOBS_DIAGNOSTICS;WB_2747_UNEMPLOYMENT;UNGP_JOB_OPPORTUNITIES_EMPLOYMENT;WB_855_LABOR_MARKETS;WB_697_SOCIAL_PROTECTION_AND_LABOR;EPU_POLICY_BLUE_HOUSE;GENERAL_GOVERNMENT;WB_2670_JOBS;WB_1467_EDUCATION_FOR_ALL;WB_470_EDUCATION;WB_2131_EMPLOYABILITY_SKILLS_AND_JOBS;WB_1484_EDUCATION_SKILLS_DEVELOPMENT_AND_LABOR_MARKET;WB_2670_JOBS;WB_1467_EDUCATION_FOR_ALL;WB_470_EDUCATION;WB_2131_EMPLOYABILITY_SKILLS_AND_JOBS;WB_1484_EDUCATION_SKILLS_DEVELOPMENT_AND_LABOR_MARKET;WB_2670_JOBS;WB_1467_EDUCATION_FOR_ALL;WB_470_EDUCATION;WB_2131_EMPLOYABILITY_SKILLS_AND_JOBS;WB_1484_EDUCATION_SKILLS_DEVELOPMENT_AND_LABOR_MARKET;WB_2670_JOBS;WB_1467_EDUCATION_FOR_ALL;WB_470_EDUCATION;WB_2131_EMPLOYABILITY_SKILLS_AND_JOBS;WB_1484_EDUCATION_SKILLS_DEVELOPMENT_AND_LABOR_MARKET;WB_2670_JOBS;WB_1467_EDUCATION_FOR_ALL;WB_470_EDUCATION;WB_2131_EMPLOYABILITY_SKILLS_AND_JOBS;WB_1484_EDUCATION_SKILLS_DEVELOPMENT_AND_LABOR_MARKET;WB_2670_JOBS;WB_1467_EDUCATION_FOR_ALL;WB_470_EDUCATION;WB_2131_EMPLOYABILITY_SKILLS_AND_JOBS;WB_1484_EDUCATION_SKILLS_DEVELOPMENT_AND_LABOR_MARKET;", "mentionednames":"", "OBJECTID":10354}}