{"type":"Feature", "geometry":{"type":"Point", "coordinates":[105, 35]}, "properties":{"urlpubtimedate":"2017-05-24T07:00:00Z", "name":"China", "urltone":1.45, "domain":"globenewswire.com", "urllangcode":"eng", "urlsocialimage":"", "url":"http://globenewswire.com/news-release/2017/05/24/995501/0/en/C-RAD-files-a-patent-entitlement-law-suit-against-Beamocular.html", "geores":1, "mentionedthemes":";TAX_FNCACT_CEO;ECON_STOCKMARKET;", "mentionednames":";Tim_Thurn;Nasdaq;Cyrpa_International;", "OBJECTID":10350}}