{"type":"Feature", "geometry":{"type":"Point", "coordinates":[-69.3977, 44.6074]}, "properties":{"urlpubtimedate":"2017-05-24T07:00:00Z", "name":"Maine, United States", "urltone":0.88, "domain":"ohmynews.com", "urllangcode":"kor", "urlsocialimage":"http://ojsfile.ohmynews.com/CT_T_IMG/2017/0524/IE002164847_LT.jpg", "url":"http://www.ohmynews.com/NWS_Web/View/at_pg.aspx?CNTN_CD=A0002328236&PAGE_CD=N0002&CMPT_CD=M0112", "geores":2, "mentionedthemes":";TAX_ECON_PRICE;EPU_POLICY_BLUE_HOUSE;EPU_POLICY_BLUE_HOUSE;WB_615_GENDER;WB_2670_JOBS;WB_1467_EDUCATION_FOR_ALL;WB_470_EDUCATION;WB_2131_EMPLOYABILITY_SKILLS_AND_JOBS;WB_1484_EDUCATION_SKILLS_DEVELOPMENT_AND_LABOR_MARKET;WB_2670_JOBS;WB_1467_EDUCATION_FOR_ALL;WB_470_EDUCATION;WB_2131_EMPLOYABILITY_SKILLS_AND_JOBS;WB_1484_EDUCATION_SKILLS_DEVELOPMENT_AND_LABOR_MARKET;WB_2670_JOBS;WB_1467_EDUCATION_FOR_ALL;WB_470_EDUCATION;WB_2131_EMPLOYABILITY_SKILLS_AND_JOBS;WB_1484_EDUCATION_SKILLS_DEVELOPMENT_AND_LABOR_MARKET;", "mentionednames":"", "OBJECTID":10353}}