{"type":"Feature", "geometry":{"type":"Point", "coordinates":[0.9, 51.8833]}, "properties":{"urlpubtimedate":"2017-05-24T07:00:00Z", "name":"Colchester, Essex, United Kingdom", "urltone":-3.61, "domain":"clactonandfrintongazette.co.uk", "urllangcode":"eng", "urlsocialimage":"http://www.clactonandfrintongazette.co.uk/resources/images/6381902/", "url":"http://www.clactonandfrintongazette.co.uk/news/north_essex_news/15304384.Major_road_set_for_overnight_closures_as_engineers_continue_with_widening_project/", "geores":3, "mentionedthemes":";TRAFFIC;TRAFFIC;TAX_FNCACT_BOSSES;TAX_FNCACT_ENGINEERS;WB_168_ROADS_AND_HIGHWAYS;WB_135_TRANSPORT;WB_1809_HIGHWAYS;WB_1803_TRANSPORT_INFRASTRUCTURE;", "mentionednames":"", "OBJECTID":10361}}