{"type":"Feature", "geometry":{"type":"Point", "coordinates":[-4.5, 37.6]}, "properties":{"urlpubtimedate":"2017-05-24T07:00:00Z", "name":"Andalucia, AndalucíSp, Spain", "urltone":-2.3, "domain":"infolibre.es", "urllangcode":"spa", "urlsocialimage":"http://www.infolibre.es/MODULOS/global/publico/interfaces/web/infolibre/img/infolibre.jpg", "url":"http://www.infolibre.es/noticias/club_infolibre/librepensadores/2017/05/24/la_rebelion_los_avales_65447_1043.html", "geores":2, "mentionedthemes":";GENERAL_GOVERNMENT;EPU_POLICY_GOVERNMENT;USPEC_POLICY1;TERROR;TERROR;TERROR;USPEC_POLITICS_GENERAL1;", "mentionednames":"", "OBJECTID":10364}}