{"type":"Feature", "geometry":{"type":"Point", "coordinates":[-95.3633, 29.7633]}, "properties":{"urlpubtimedate":"2017-05-24T07:00:00Z", "name":"Houston, Texas, United States", "urltone":2.27, "domain":"mobypicture.com", "urllangcode":"eng", "urlsocialimage":"http://b3.img.mobypicture.com/03282447d9e5b1903650331dff8c83fa_large.jpg", "url":"http://www.mobypicture.com/user/CheapCarInsuranceH/view/19850482", "geores":3, "mentionedthemes":";WB_1973_FINANCIAL_RISK_REDUCTION;WB_435_AGRICULTURE_AND_FOOD_SECURITY;WB_337_INSURANCE;WB_1967_AGRICULTURAL_RISK_AND_SECURITY;WB_1973_FINANCIAL_RISK_REDUCTION;WB_435_AGRICULTURE_AND_FOOD_SECURITY;WB_337_INSURANCE;WB_1967_AGRICULTURAL_RISK_AND_SECURITY;WB_1973_FINANCIAL_RISK_REDUCTION;WB_435_AGRICULTURE_AND_FOOD_SECURITY;WB_337_INSURANCE;WB_1967_AGRICULTURAL_RISK_AND_SECURITY;MEDIA_SOCIAL;", "mentionednames":"", "OBJECTID":10369}}