{"type":"Feature", "geometry":{"type":"Point", "coordinates":[105, 35]}, "properties":{"urlpubtimedate":"2017-05-24T07:00:00Z", "name":"China", "urltone":-5.88, "domain":"zazoom.it", "urllangcode":"ita", "urlsocialimage":"http://www.zazoom.it/news.jpg", "url":"http://www.zazoom.it/2017-05-24/cosa-ce-dietro-lo-stop-del-cda-al-piano-di-campo-dallorto/2911791/", "geores":1, "mentionedthemes":";EDUCATION;SOC_POINTSOFINTEREST_COLLEGE;TAX_FNCACT_MANAGER;TAX_FNCACT_GENERAL_MANAGER;LEADER;TAX_FNCACT_MAYORS;CORRUPTION;WB_696_PUBLIC_SECTOR_MANAGEMENT;WB_831_GOVERNANCE;WB_832_ANTI_CORRUPTION;TAX_ETHNICITY_BLACK;", "mentionednames":"", "OBJECTID":10360}}