{"type":"Feature", "geometry":{"type":"Point", "coordinates":[-4, 40]}, "properties":{"urlpubtimedate":"2017-05-24T07:00:00Z", "name":"Spain", "urltone":-2.3, "domain":"infolibre.es", "urllangcode":"spa", "urlsocialimage":"http://www.infolibre.es/MODULOS/global/publico/interfaces/web/infolibre/img/infolibre.jpg", "url":"http://www.infolibre.es/noticias/club_infolibre/librepensadores/2017/05/24/la_rebelion_los_avales_65447_1043.html", "geores":1, "mentionedthemes":";EPU_POLICY_POLITICAL;TAX_FNCACT_POLITICAL_LEADER;TAX_FNCACT_LEADER;TERROR;PROPAGANDA;CORRUPTION;CRIME_LOOTING;TAX_FNCACT_MANAGERS;", "mentionednames":"", "OBJECTID":10365}}