{"type":"Feature", "geometry":{"type":"Point", "coordinates":[-77.0364, 38.8951]}, "properties":{"urlpubtimedate":"2017-05-24T07:00:00Z", "name":"Washington, Washington, United States", "urltone":-7.9, "domain":"sina.com.cn", "urllangcode":"zho", "urlsocialimage":"http://n.sinaimg.cn/translate/20170524/JYTY-fyfkzht0626867.jpg", "url":"http://tech.sina.com.cn/d/2017-05-24/doc-ifyfqqyh8126419.shtml", "geores":3, "mentionedthemes":";KILL;CRISISLEX_T03_DEAD;WB_678_DIGITAL_GOVERNMENT;WB_694_BROADCAST_AND_MEDIA;WB_133_INFORMATION_AND_COMMUNICATION_TECHNOLOGIES;MANMADE_DISASTER_IMPLIED;WB_165_AIR_TRANSPORT;WB_135_TRANSPORT;WB_164_MODES_OF_TRANSPORT;MANMADE_DISASTER_IMPLIED;WB_165_AIR_TRANSPORT;WB_135_TRANSPORT;WB_164_MODES_OF_TRANSPORT;WB_137_WATER;CRISISLEX_C07_SAFETY;TAX_FNCACT_ASTRONAUT;TAX_FNCACT_ASTRONAUT;TAX_FNCACT_ASTRONAUT;UNREST_BELLIGERENT;", "mentionednames":";United_States;United_States;United_States;", "OBJECTID":10373}}