{"type":"Feature", "geometry":{"type":"Point", "coordinates":[-75.4999, 40.3754]}, "properties":{"urlpubtimedate":"2017-05-24T07:00:00Z", "name":"Montgomery County, Pennsylvania, United States", "urltone":-4.51, "domain":"kltv.com", "urllangcode":"eng", "urlsocialimage":"http://images.worldnow.com/AP/images/13963655_G.jpg", "url":"http://www.kltv.com/story/35502705/defense-raises-race-bias-in-cosby-jury-selection-process", "geores":3, "mentionedthemes":"", "mentionednames":";Laurie_Levenson;Bill_Cosby;Andrea_Constand;Loyola_Law_School;", "OBJECTID":10374}}