{"type":"Feature", "geometry":{"type":"Point", "coordinates":[-85.7594, 38.2542]}, "properties":{"urlpubtimedate":"2017-05-24T07:00:00Z", "name":"Louisville, Kentucky, United States", "urltone":2.59, "domain":"kapook.com", "urllangcode":"tha", "urlsocialimage":"http://my.kapook.com/imagescontent/fb_img/474/s_171958_9994.jpg", "url":"https://baby.kapook.com/%E0%B9%81%E0%B8%A1%E0%B9%88-%E0%B8%A5%E0%B8%B9%E0%B8%81%E0%B8%94%E0%B8%B2%E0%B8%A3%E0%B8%B2-171958.html", "geores":3, "mentionedthemes":";TAX_FNCACT_FATHER;TAX_FNCACT_CHILDREN;", "mentionednames":"", "OBJECTID":10389}}