{"type":"Feature", "geometry":{"type":"Point", "coordinates":[-80.1251, 40.6253]}, "properties":{"urlpubtimedate":"2017-05-24T07:00:00Z", "name":"Allegheny County, Pennsylvania, United States", "urltone":-4.51, "domain":"kltv.com", "urllangcode":"eng", "urlsocialimage":"http://images.worldnow.com/AP/images/13963655_G.jpg", "url":"http://www.kltv.com/story/35502705/defense-raises-race-bias-in-cosby-jury-selection-process", "geores":3, "mentionedthemes":";TAX_FNCACT_LAWYERS;TRIAL;", "mentionednames":";Bill_Cosby;Bill_Cosby;", "OBJECTID":10380}}