{"type":"Feature", "geometry":{"type":"Point", "coordinates":[100, 60]}, "properties":{"urlpubtimedate":"2017-05-24T07:00:00Z", "name":"Russia", "urltone":-1.93, "domain":"thedailybeast.com", "urllangcode":"eng", "urlsocialimage":"http://img.thedailybeast.com/image/upload/v1495597096/170523-grove-the-view-tease_dyeo5f.jpg", "url":"http://www.thedailybeast.com/articles/2017/05/24/the-view-can-thank-president-trump-for-getting-its-mojo-back", "geores":1, "mentionedthemes":";TAX_FOODSTAPLES_RICE;TAX_FNCACT_EMPEROR;LEADER;TAX_FNCACT_PRESIDENT;USPEC_POLITICS_GENERAL1;TAX_WORLDLANGUAGES_RUSSIA;EPU_ECONOMY;SANCTIONS;USPEC_UNCERTAINTY1;TAX_FNCACT_COMEDIAN;ELECTION;TAX_FNCACT_SECRETARY;", "mentionednames":";Vladimir_Putin;Hillary_Clinton;", "OBJECTID":10384}}