{"type":"Feature", "geometry":{"type":"Point", "coordinates":[129.673, 43.5022]}, "properties":{"urlpubtimedate":"2017-05-24T07:00:00Z", "name":"Guangming, Jilin, China", "urltone":6.26, "domain":"dangjian.cn", "urllangcode":"zho", "urlsocialimage":"", "url":"http://www.dangjian.cn/./djw2016sy/djw2016syyw/201705/t20170524_4259433.shtml", "geores":3, "mentionedthemes":";EDUCATION;SOC_POINTSOFINTEREST_SCHOOL;EDUCATION;SOC_POINTSOFINTEREST_SCHOOL;EDUCATION;SOC_POINTSOFINTEREST_SCHOOL;WB_2670_JOBS;WB_2769_JOBS_STRATEGIES;WB_2840_INTEGRATION;WB_2836_MIGRATION_POLICIES_AND_JOBS;GENERAL_HEALTH;WB_470_EDUCATION;WB_470_EDUCATION;TAX_FNCACT_REPRESENTATIVE;TAX_FNCACT_REPRESENTATIVE;USPEC_POLITICS_GENERAL1;USPEC_POLITICS_GENERAL1;USPEC_POLITICS_GENERAL1;USPEC_POLITICS_GENERAL1;", "mentionednames":";Work_Office_Central_Organization;", "OBJECTID":10398}}