{"type":"Feature", "geometry":{"type":"Point", "coordinates":[-122.419, 37.7749]}, "properties":{"urlpubtimedate":"2017-05-24T07:00:00Z", "name":"San Francisco, California, United States", "urltone":-2.48, "domain":"nj1015.com", "urllangcode":"eng", "urlsocialimage":"http://wac.450F.edgecastcdn.net/80450F/nj1015.com/files/2015/01/ewr-history_2.jpg?&zc=1&s=0&a=t&q=89", "url":"http://nj1015.com/engine-fire-closes-newark-airport-for-hours/", "geores":3, "mentionedthemes":";DISASTER_FIRE;DISASTER_FIRE;SOC_POINTSOFINTEREST_AIRPORT;WB_135_TRANSPORT;WB_1803_TRANSPORT_INFRASTRUCTURE;WB_1804_AIRPORTS;TAX_FNCACT_OFFICIALS;CLOSURE;TAX_FNCACT_SPOKESMAN;", "mentionednames":";Jonathan_Guerin;United_Airlines_Flight;", "OBJECTID":10396}}