{"type":"Feature", "geometry":{"type":"Point", "coordinates":[-122.419, 37.7749]}, "properties":{"urlpubtimedate":"2017-05-24T07:00:00Z", "name":"San Francisco, California, United States", "urltone":-2.48, "domain":"nj1015.com", "urllangcode":"eng", "urlsocialimage":"http://wac.450F.edgecastcdn.net/80450F/nj1015.com/files/2015/01/ewr-history_2.jpg?&zc=1&s=0&a=t&q=89", "url":"http://nj1015.com/engine-fire-closes-newark-airport-for-hours/", "geores":3, "mentionedthemes":";AFFECT;EVACUATION;CRISISLEX_CRISISLEXREC;CRISISLEX_T09_DISPLACEDRELOCATEDEVACUATED;MEDIA_SOCIAL;WB_678_DIGITAL_GOVERNMENT;WB_694_BROADCAST_AND_MEDIA;WB_133_INFORMATION_AND_COMMUNICATION_TECHNOLOGIES;EPU_CATS_REGULATION;SOC_POINTSOFINTEREST_AIRPORT;WB_135_TRANSPORT;WB_1803_TRANSPORT_INFRASTRUCTURE;WB_1804_AIRPORTS;SOC_POINTSOFINTEREST_AIRPORT;WB_135_TRANSPORT;WB_1803_TRANSPORT_INFRASTRUCTURE;WB_1804_AIRPORTS;WB_1428_INJURY;WB_1406_DISEASES;WB_621_HEALTH_NUTRITION_AND_POPULATION;WB_1427_NON_COMMUNICABLE_DISEASE_AND_INJURY;CRISISLEX_T02_INJURED;DELAY;USPEC_UNCERTAINTY1;", "mentionednames":";Twitter;Associated_Press;", "OBJECTID":10397}}