{"type":"Feature", "geometry":{"type":"Point", "coordinates":[100, 60]}, "properties":{"urlpubtimedate":"2017-05-24T07:00:00Z", "name":"Russia", "urltone":-8.82, "domain":"sggp.org.vn", "urllangcode":"vie", "urlsocialimage":"", "url":"http://www.sggp.org.vn/philippines-thiet-quan-luat-chong-khung-bo-446482.html", "geores":1, "mentionedthemes":";POLITICAL_TURMOIL;STATE_OF_EMERGENCY;LEGISLATION;EPU_POLICY_LAW;POLITICAL_TURMOIL;STATE_OF_EMERGENCY;LEGISLATION;EPU_POLICY_LAW;POLITICAL_TURMOIL;STATE_OF_EMERGENCY;LEGISLATION;EPU_POLICY_LAW;EPU_CATS_MIGRATION_FEAR_FEAR;GENERAL_HEALTH;MEDICAL;WB_1331_HEALTH_TECHNOLOGIES;WB_1350_PHARMACEUTICALS;WB_621_HEALTH_NUTRITION_AND_POPULATION;TAX_WEAPONS_BOMB;WB_137_WATER;TAX_ETHNICITY_RUSSIAN;TAX_WORLDLANGUAGES_RUSSIAN;TAX_ETHNICITY_RUSSIAN;TAX_WORLDLANGUAGES_RUSSIAN;", "mentionednames":"", "OBJECTID":10405}}