{"type":"Feature", "geometry":{"type":"Point", "coordinates":[116.388, 39.9289]}, "properties":{"urlpubtimedate":"2017-05-24T07:00:00Z", "name":"Beijing, Beijing, China", "urltone":6.26, "domain":"dangjian.cn", "urllangcode":"zho", "urlsocialimage":"", "url":"http://www.dangjian.cn/./djw2016sy/djw2016syyw/201705/t20170524_4259433.shtml", "geores":3, "mentionedthemes":";EDUCATION;SOC_POINTSOFINTEREST_SCHOOL;EDUCATION;SOC_POINTSOFINTEREST_SCHOOL;TAX_FNCACT_ORGANIZER;TAX_FNCACT_CONTRACTOR;EPU_ECONOMY_HISTORIC;EPU_ECONOMY_HISTORIC;EPU_ECONOMY_HISTORIC;USPEC_POLITICS_GENERAL1;USPEC_POLITICS_GENERAL1;USPEC_POLITICS_GENERAL1;", "mentionednames":"", "OBJECTID":10401}}