{"type":"Feature", "geometry":{"type":"Point", "coordinates":[-66, 8]}, "properties":{"urlpubtimedate":"2017-05-24T07:00:00Z", "name":"Venezuela", "urltone":4, "domain":"ultimahora.com", "urllangcode":"spa", "urlsocialimage":"http://media.ultimahora.com/adjuntos/161/imagenes/007/111/0007111980.jpg", "url":"http://www.ultimahora.com/lanus-gana-oficina-y-tambien-cancha-n1087245.html", "geores":1, "mentionedthemes":";TAX_ETHNICITY_AMERICAN;TAX_ETHNICITY_AMERICAN;", "mentionednames":";Olimpia_Alejandro;Park_Center;National_To_Uruguay;", "OBJECTID":10408}}