{"type":"Feature", "geometry":{"type":"Point", "coordinates":[100, 60]}, "properties":{"urlpubtimedate":"2017-05-24T07:00:00Z", "name":"Russia", "urltone":-8.82, "domain":"sggp.org.vn", "urllangcode":"vie", "urlsocialimage":"", "url":"http://www.sggp.org.vn/philippines-thiet-quan-luat-chong-khung-bo-446482.html", "geores":1, "mentionedthemes":";UNGP_CRIME_VIOLENCE;POLITICAL_TURMOIL;STATE_OF_EMERGENCY;LEGISLATION;EPU_POLICY_LAW;POLITICAL_TURMOIL;STATE_OF_EMERGENCY;LEGISLATION;EPU_POLICY_LAW;WOUND;CRISISLEX_CRISISLEXREC;CRISISLEX_C03_WELLBEING_HEALTH;CRISISLEX_T02_INJURED;EPU_CATS_MIGRATION_FEAR_FEAR;TAX_WEAPONS_BOMB;WB_137_WATER;TAX_ETHNICITY_RUSSIAN;TAX_WORLDLANGUAGES_RUSSIAN;TAX_ETHNICITY_RUSSIAN;TAX_WORLDLANGUAGES_RUSSIAN;TAX_FNCACT_OFFICIALS;", "mentionednames":"", "OBJECTID":10406}}