{"type":"Feature", "geometry":{"type":"Point", "coordinates":[116.388, 39.9289]}, "properties":{"urlpubtimedate":"2017-05-24T07:00:00Z", "name":"Beijing, Beijing, China", "urltone":6.26, "domain":"dangjian.cn", "urllangcode":"zho", "urlsocialimage":"", "url":"http://www.dangjian.cn/./djw2016sy/djw2016syyw/201705/t20170524_4259433.shtml", "geores":3, "mentionedthemes":";GENERAL_HEALTH;TAX_FNCACT_REPRESENTATIVE;TAX_FNCACT_REPRESENTATIVE;USPEC_POLITICS_GENERAL1;USPEC_POLITICS_GENERAL1;", "mentionednames":";Work_Office_Central_Organization;", "OBJECTID":10403}}