{"type":"Feature", "geometry":{"type":"Point", "coordinates":[116.388, 39.9289]}, "properties":{"urlpubtimedate":"2017-05-24T07:00:00Z", "name":"Beijing, Beijing, China", "urltone":6.26, "domain":"dangjian.cn", "urllangcode":"zho", "urlsocialimage":"", "url":"http://www.dangjian.cn/./djw2016sy/djw2016syyw/201705/t20170524_4259433.shtml", "geores":3, "mentionedthemes":";TAX_FNCACT_DEPUTY;TAX_FNCACT_PROFESSOR;SOC_POINTSOFINTEREST_COLLEGE;SOC_POINTSOFINTEREST_COLLEGE;TAX_FNCACT_COMMUNISTS;TAX_POLITICAL_PARTY_COMMUNISTS;WB_678_DIGITAL_GOVERNMENT;WB_694_BROADCAST_AND_MEDIA;WB_133_INFORMATION_AND_COMMUNICATION_TECHNOLOGIES;WB_470_EDUCATION;SOC_POINTSOFINTEREST_UNIVERSITY;USPEC_POLITICS_GENERAL1;SCIENCE;SOC_INNOVATION;", "mentionednames":";Marxist_College_Professor;Tsinghua_University;", "OBJECTID":10402}}