{"type":"Feature", "geometry":{"type":"Point", "coordinates":[105, 35]}, "properties":{"urlpubtimedate":"2017-05-24T07:00:00Z", "name":"China", "urltone":-1.99, "domain":"entornointeligente.com", "urllangcode":"spa", "urlsocialimage":"", "url":"http://www.entornointeligente.com/articulo/10011535/Sin-miedo-En-Baruta-vecinos-protestan-y-tumban-valla-de-Chavez-23052017", "geores":1, "mentionedthemes":";UNGP_CRIME_VIOLENCE;NATURAL_DISASTER_LAVA;WB_695_POVERTY;INEQUALITY;RATIFY;DEMOCRACY;UNGP_POLITICAL_FREEDOMS;TAX_ETHNICITY_VENEZUELAN;TAX_ETHNICITY_VENEZUELAN;USPEC_POLITICS_GENERAL1;", "mentionednames":";Davids_Lynch;League_Argentina;", "OBJECTID":10415}}