{"type":"Feature", "geometry":{"type":"Point", "coordinates":[-64, -34]}, "properties":{"urlpubtimedate":"2017-05-24T07:00:00Z", "name":"Argentina", "urltone":-1.99, "domain":"entornointeligente.com", "urllangcode":"spa", "urlsocialimage":"", "url":"http://www.entornointeligente.com/articulo/10011535/Sin-miedo-En-Baruta-vecinos-protestan-y-tumban-valla-de-Chavez-23052017", "geores":1, "mentionedthemes":";UNGP_CRIME_VIOLENCE;WB_695_POVERTY;INEQUALITY;TAX_ETHNICITY_VENEZUELAN;USPEC_POLITICS_GENERAL1;", "mentionednames":";Davids_Lynch;League_Argentina;", "OBJECTID":10416}}