{"type":"Feature", "geometry":{"type":"Point", "coordinates":[-66, 8]}, "properties":{"urlpubtimedate":"2017-05-24T07:00:00Z", "name":"Venezuela", "urltone":-1.99, "domain":"entornointeligente.com", "urllangcode":"spa", "urlsocialimage":"", "url":"http://www.entornointeligente.com/articulo/10011535/Sin-miedo-En-Baruta-vecinos-protestan-y-tumban-valla-de-Chavez-23052017", "geores":1, "mentionedthemes":";MANMADE_DISASTER_IMPLIED;TAX_FNCACT_CANDIDATE;EPU_POLICY_POLITICAL;EPU_CATS_MIGRATION_FEAR_FEAR;PROTEST;MEDIA_SOCIAL;TAX_ETHNICITY_VENEZUELAN;TAX_ETHNICITY_VENEZUELAN;USPEC_POLITICS_GENERAL1;", "mentionednames":";Twitter;", "OBJECTID":10412}}