{"type":"Feature", "geometry":{"type":"Point", "coordinates":[-2, 54]}, "properties":{"urlpubtimedate":"2017-05-24T07:00:00Z", "name":"United Kingdom", "urltone":-6.67, "domain":"blesk.cz", "urllangcode":"ces", "urlsocialimage":"http://img.blesk.cz/img/1/article/3452727_manchester-utok-bomba-britanie-terorismus.jpg", "url":"http://www.blesk.cz/clanek/zpravy-svet/470952/svet-zna-7-tvari-obeti-teroru-umiraly-deti-i-matky-mezi-mrtvymi-jsou-polaci.html", "geores":1, "mentionedthemes":";EPU_CATS_MIGRATION_FEAR_FEAR;EPU_CATS_NATIONAL_SECURITY;MEDIA_MSM;CRISISLEX_T02_INJURED;TAX_FNCACT_VICTIMS;CRISISLEX_CRISISLEXREC;CRISISLEX_T08_MISSINGFOUNDTRAPPEDPEOPLE;CRISISLEX_T02_INJURED;TAX_FNCACT_VICTIMS;CRISISLEX_CRISISLEXREC;CRISISLEX_T08_MISSINGFOUNDTRAPPEDPEOPLE;CRISISLEX_T02_INJURED;TAX_FNCACT_VICTIMS;CRISISLEX_CRISISLEXREC;CRISISLEX_T08_MISSINGFOUNDTRAPPEDPEOPLE;KILL;CRISISLEX_T03_DEAD;TAX_WORLDLANGUAGES_ARIANA;TERROR;ARMEDCONFLICT;TAX_ETHNICITY_POLES;TAX_FNCACT_CHILDREN;TAX_FNCACT_CHILDREN;", "mentionednames":"", "OBJECTID":10422}}