{"type":"Feature", "geometry":{"type":"Point", "coordinates":[-2.2167, 53.5]}, "properties":{"urlpubtimedate":"2017-05-24T07:00:00Z", "name":"Manchester, Manchester, United Kingdom", "urltone":-6.67, "domain":"blesk.cz", "urllangcode":"ces", "urlsocialimage":"http://img.blesk.cz/img/1/article/3452727_manchester-utok-bomba-britanie-terorismus.jpg", "url":"http://www.blesk.cz/clanek/zpravy-svet/470952/svet-zna-7-tvari-obeti-teroru-umiraly-deti-i-matky-mezi-mrtvymi-jsou-polaci.html", "geores":3, "mentionedthemes":";CRISISLEX_T02_INJURED;TAX_FNCACT_VICTIMS;CRISISLEX_CRISISLEXREC;CRISISLEX_T08_MISSINGFOUNDTRAPPEDPEOPLE;CRISISLEX_T02_INJURED;TAX_FNCACT_VICTIMS;CRISISLEX_CRISISLEXREC;CRISISLEX_T08_MISSINGFOUNDTRAPPEDPEOPLE;", "mentionednames":";John_Atkinson;Reuters;", "OBJECTID":10423}}