{"type":"Feature", "geometry":{"type":"Point", "coordinates":[-64, -34]}, "properties":{"urlpubtimedate":"2017-05-24T07:00:00Z", "name":"Argentina", "urltone":-1.99, "domain":"entornointeligente.com", "urllangcode":"spa", "urlsocialimage":"", "url":"http://www.entornointeligente.com/articulo/10011535/Sin-miedo-En-Baruta-vecinos-protestan-y-tumban-valla-de-Chavez-23052017", "geores":1, "mentionedthemes":";EPU_ECONOMY_HISTORIC;GENERAL_HEALTH;MEDICAL;WB_1406_DISEASES;WB_621_HEALTH_NUTRITION_AND_POPULATION;WB_1430_MENTAL_HEALTH;WB_1427_NON_COMMUNICABLE_DISEASE_AND_INJURY;KILL;CRISISLEX_T03_DEAD;CRISISLEX_CRISISLEXREC;LEGISLATION;EPU_POLICY_LAW;NATURAL_DISASTER_FLOODS;", "mentionednames":";Ugi_Tim_Sheldon;", "OBJECTID":10420}}