{"type":"Feature", "geometry":{"type":"Point", "coordinates":[-2.4833, 53.0667]}, "properties":{"urlpubtimedate":"2017-05-24T07:00:00Z", "name":"Willaston, Borough Of Cheshire East, United Kingdom", "urltone":-8.78, "domain":"iomtoday.co.im", "urllangcode":"eng", "urlsocialimage":"http://www.iomtoday.co.im/images/news/2017/85898096_zziomcourtT46.jpg", "url":"http://www.iomtoday.co.im/article.cfm?id=33814&headline=Man%20is%20jailed%20after%20two%20robberies&sectionIs=NEWS&searchyear=2017", "geores":3, "mentionedthemes":";ECON_DEBT;WB_1104_MACROECONOMIC_VULNERABILITY_AND_DEBT;WB_450_DEBT;SOC_GENERALCRIME;EPU_CATS_MIGRATION_FEAR_FEAR;CRIME_COMMON_ROBBERY;ARREST;WB_1331_HEALTH_TECHNOLOGIES;WB_2453_ORGANIZED_CRIME;WB_1350_PHARMACEUTICALS;WB_2433_CONFLICT_AND_VIOLENCE;WB_621_HEALTH_NUTRITION_AND_POPULATION;WB_2432_FRAGILITY_CONFLICT_AND_VIOLENCE;WB_2456_DRUGS_AND_NARCOTICS;TRIAL;SECURITY_SERVICES;TAX_FNCACT_POLICE;CRISISLEX_C07_SAFETY;TAX_FNCACT_MAN;", "mentionednames":";Steven_Wesley_Johnston;", "OBJECTID":10429}}