{"type":"Feature", "geometry":{"type":"Point", "coordinates":[-2.2167, 53.5]}, "properties":{"urlpubtimedate":"2017-05-24T07:00:00Z", "name":"Manchester, Manchester, United Kingdom", "urltone":-6.67, "domain":"blesk.cz", "urllangcode":"ces", "urlsocialimage":"http://img.blesk.cz/img/1/article/3452727_manchester-utok-bomba-britanie-terorismus.jpg", "url":"http://www.blesk.cz/clanek/zpravy-svet/470952/svet-zna-7-tvari-obeti-teroru-umiraly-deti-i-matky-mezi-mrtvymi-jsou-polaci.html", "geores":3, "mentionedthemes":";TAX_WORLDLANGUAGES_POLISH;TAX_FNCACT_SINGER;WB_678_DIGITAL_GOVERNMENT;WB_2944_SERVERS;WB_671_STORAGE_MANAGEMENT;WB_667_ICT_INFRASTRUCTURE;WB_672_NETWORK_MANAGEMENT;WB_133_INFORMATION_AND_COMMUNICATION_TECHNOLOGIES;TAX_ETHNICITY_POLES;SECURITY_SERVICES;TAX_FNCACT_POLICE;CRISISLEX_C07_SAFETY;WB_1428_INJURY;WB_1406_DISEASES;WB_621_HEALTH_NUTRITION_AND_POPULATION;WB_1427_NON_COMMUNICABLE_DISEASE_AND_INJURY;TAX_FNCACT_CHILDREN;", "mentionednames":";Reuters;", "OBJECTID":10426}}