{"type":"Feature", "geometry":{"type":"Point", "coordinates":[-2.2167, 53.5]}, "properties":{"urlpubtimedate":"2017-05-24T07:00:00Z", "name":"Manchester, Manchester, United Kingdom", "urltone":-6.67, "domain":"blesk.cz", "urllangcode":"ces", "urlsocialimage":"http://img.blesk.cz/img/1/article/3452727_manchester-utok-bomba-britanie-terorismus.jpg", "url":"http://www.blesk.cz/clanek/zpravy-svet/470952/svet-zna-7-tvari-obeti-teroru-umiraly-deti-i-matky-mezi-mrtvymi-jsou-polaci.html", "geores":3, "mentionedthemes":";CRISISLEX_O02_RESPONSEAGENCIESATCRISIS;TAX_FNCACT_WORKERS;CRISISLEX_O02_RESPONSEAGENCIESATCRISIS;TAX_FNCACT_WORKERS;MEDIA_MSM;TAX_WORLDLANGUAGES_POLISH;GENERAL_HEALTH;MEDICAL;SOC_POINTSOFINTEREST_HOSPITAL;WB_678_DIGITAL_GOVERNMENT;WB_2944_SERVERS;WB_671_STORAGE_MANAGEMENT;WB_667_ICT_INFRASTRUCTURE;WB_672_NETWORK_MANAGEMENT;WB_133_INFORMATION_AND_COMMUNICATION_TECHNOLOGIES;WOUND;CRISISLEX_C03_WELLBEING_HEALTH;TAX_ETHNICITY_POLES;CRISISLEX_T11_UPDATESSYMPATHY;WB_1428_INJURY;WB_1406_DISEASES;WB_621_HEALTH_NUTRITION_AND_POPULATION;WB_1427_NON_COMMUNICABLE_DISEASE_AND_INJURY;TAX_FNCACT_CHILDREN;", "mentionednames":"", "OBJECTID":10424}}