{"type":"Feature", "geometry":{"type":"Point", "coordinates":[12.4833, 41.9]}, "properties":{"urlpubtimedate":"2017-05-24T07:00:00Z", "name":"Rome, Lazio, Italy", "urltone":-10.59, "domain":"romatoday.it", "urllangcode":"ita", "urlsocialimage":"http://www.romatoday.it/~media/horizontal-hi/33623743367170/disservizi-a-roma-in-via-anselmo-ciappi-58-dai-primi-di-aprile-causa-un-pino-inclinato-a-45-gradi-forse-pericolante-forse-no-una-strada-e.jpg", "url":"http://www.romatoday.it/social/segnalazioni/disservizi-a-roma-in-via-anselmo-ciappi-58-dai-primi-di-aprile-causa-un-pino-inclinato-a-45-gradi-forse-pericolante-forse-no-una-strada-e-3377198.html", "geores":3, "mentionedthemes":"", "mentionednames":";Anselmo_Ciappi;", "OBJECTID":10427}}