{"type":"Feature", "geometry":{"type":"Point", "coordinates":[143.75, -38.4667]}, "properties":{"urlpubtimedate":"2017-05-24T07:00:00Z", "name":"Barwon, Victoria, Australia", "urltone":-3.51, "domain":"oberonreview.com.au", "urllangcode":"eng", "urlsocialimage":"", "url":"http://www.oberonreview.com.au/story/4684240/ndis-may-exacerbate-inequality-for-some-with-disability/", "geores":3, "mentionedthemes":";POVERTY;WB_695_POVERTY;EDUCATION;SOC_POINTSOFINTEREST_UNIVERSITY;EDUCATION;SOC_POINTSOFINTEREST_UNIVERSITY;SCIENCE;", "mentionednames":"", "OBJECTID":10434}}