{"type":"Feature", "geometry":{"type":"Point", "coordinates":[149.217, -35.2833]}, "properties":{"urlpubtimedate":"2017-05-24T07:00:00Z", "name":"Canberra, Australian Capital Territory, Australia", "urltone":-3.51, "domain":"oberonreview.com.au", "urllangcode":"eng", "urlsocialimage":"", "url":"http://www.oberonreview.com.au/story/4684240/ndis-may-exacerbate-inequality-for-some-with-disability/", "geores":3, "mentionedthemes":";SHORTAGE;TAX_FNCACT_RESEARCHER;DISABILITY;WB_1458_HEALTH_PROMOTION_AND_DISEASE_PREVENTION;WB_635_PUBLIC_HEALTH;WB_1464_HEALTH_OF_THE_DISABLED;WB_621_HEALTH_NUTRITION_AND_POPULATION;", "mentionednames":";Helen_Dickinson;", "OBJECTID":10433}}