{"type":"Feature", "geometry":{"type":"Point", "coordinates":[127.5, 37]}, "properties":{"urlpubtimedate":"2017-05-24T07:00:00Z", "name":"South Korea", "urltone":-3.64, "domain":"kbs.co.kr", "urllangcode":"deu", "urlsocialimage":"http://worldimg.kbs.co.kr/src/images/news/201705/170524103353_k34.jpg", "url":"http://world.kbs.co.kr/special/northkorea/contents/news/news_view.htm?No=40862&lang=g", "geores":1, "mentionedthemes":";BAN;MEDIA_MSM;TAX_ETHNICITY_KOREAN;TAX_WORLDLANGUAGES_KOREAN;TAX_ETHNICITY_KOREAN;TAX_WORLDLANGUAGES_KOREAN;TAX_ETHNICITY_KOREAN;TAX_WORLDLANGUAGES_KOREAN;UNGP_JOB_OPPORTUNITIES_WORKING_CONDITIONS;", "mentionednames":";Air_Koryo;Korean_Airline_Air_Koryo;Air_Koryo;Air_Koryo;Korean_Airline;Korean_Airline;Korean_Airline;", "OBJECTID":10436}}