{"type":"Feature", "geometry":{"type":"Point", "coordinates":[144.967, -37.8167]}, "properties":{"urlpubtimedate":"2017-05-24T07:00:00Z", "name":"Melbourne, Victoria, Australia", "urltone":-3.51, "domain":"oberonreview.com.au", "urllangcode":"eng", "urlsocialimage":"", "url":"http://www.oberonreview.com.au/story/4684240/ndis-may-exacerbate-inequality-for-some-with-disability/", "geores":3, "mentionedthemes":";EDUCATION;SOC_POINTSOFINTEREST_UNIVERSITY;EDUCATION;SOC_POINTSOFINTEREST_UNIVERSITY;EPU_CATS_ENTITLEMENT_PROGRAMS;WB_1973_FINANCIAL_RISK_REDUCTION;WB_435_AGRICULTURE_AND_FOOD_SECURITY;WB_337_INSURANCE;WB_1967_AGRICULTURAL_RISK_AND_SECURITY;SCIENCE;DISABILITY;WB_1458_HEALTH_PROMOTION_AND_DISEASE_PREVENTION;WB_635_PUBLIC_HEALTH;WB_1464_HEALTH_OF_THE_DISABLED;WB_621_HEALTH_NUTRITION_AND_POPULATION;", "mentionednames":";National_Disability_Insurance_Scheme;", "OBJECTID":10430}}