{"type":"Feature", "geometry":{"type":"Point", "coordinates":[-117.122, 38.4199]}, "properties":{"urlpubtimedate":"2017-05-24T07:00:00Z", "name":"Nevada, United States", "urltone":-3.2, "domain":"nevadaappeal.com", "urllangcode":"eng", "urlsocialimage":"http://www.nevadaappeal.com/wp-content/uploads/2017/05/SandovalDC-NAP-042917.jpg", "url":"http://www.nevadaappeal.com/news/government/wet-winter-could-bring-dangerous-fire-season/", "geores":2, "mentionedthemes":";GENERAL_GOVERNMENT;EPU_POLICY_GOVERNMENT;UNGP_FORESTS_RIVERS_OCEANS;SLFID_NATURAL_RESOURCES;WB_471_ECONOMIC_GROWTH;WB_1078_DETERMINANTS_OF_GROWTH;WB_1079_COMMODITIES_AND_RESOURCES;ENV_FORESTRY;WB_436_FORESTRY;WB_1979_NATURAL_RESOURCE_MANAGEMENT;WB_435_AGRICULTURE_AND_FOOD_SECURITY;", "mentionednames":";Brad_Crowell;Forestry_Division;National_Weather_Service;Department_Of_Conservation;", "OBJECTID":10449}}