{"type":"Feature", "geometry":{"type":"Point", "coordinates":[-119.767, 39.1638]}, "properties":{"urlpubtimedate":"2017-05-24T07:00:00Z", "name":"Carson City, Nevada, United States", "urltone":-3.2, "domain":"nevadaappeal.com", "urllangcode":"eng", "urlsocialimage":"http://www.nevadaappeal.com/wp-content/uploads/2017/05/SandovalDC-NAP-042917.jpg", "url":"http://www.nevadaappeal.com/news/government/wet-winter-could-bring-dangerous-fire-season/", "geores":3, "mentionedthemes":";WB_1986_MOUNTAINS;TAX_WORLDMAMMALS_SHEEP;ENV_FORESTRY;WB_436_FORESTRY;WB_1979_NATURAL_RESOURCE_MANAGEMENT;WB_435_AGRICULTURE_AND_FOOD_SECURITY;DISASTER_FIRE;CRISISLEX_T01_CAUTION_ADVICE;CRISISLEX_CRISISLEXREC;", "mentionednames":";Graham_Kent;Forestry_Division;", "OBJECTID":10448}}