{"type":"Feature", "geometry":{"type":"Point", "coordinates":[72.8258, 18.975]}, "properties":{"urlpubtimedate":"2017-05-24T07:00:00Z", "name":"Mumbai, Maharashtra, India", "urltone":-11.57, "domain":"udayavani.com", "urllangcode":"kan", "urlsocialimage":"http://www.udayavani.com/sites/default/files/images/articles/2017/05/24/Murder%20by%20knife-700.jpg", "url":"http://www.udayavani.com/kannada/news/national-news/213533/wife-of-inspector-probing-sheena-bora-murder-case-found-murdered-son-missing", "geores":3, "mentionedthemes":";SECURITY_SERVICES;TAX_FNCACT_POLICE;CRISISLEX_C07_SAFETY;DELAY;USPEC_UNCERTAINTY1;AFFECT;AFFECT;KILL;KILL;KILL;KILL;KILL;CRISISLEX_T03_DEAD;WB_2024_ANTI_CORRUPTION_AUTHORITIES;WB_696_PUBLIC_SECTOR_MANAGEMENT;WB_840_JUSTICE;WB_2025_INVESTIGATION;WB_831_GOVERNANCE;WB_832_ANTI_CORRUPTION;WB_1014_CRIMINAL_JUSTICE;", "mentionednames":"", "OBJECTID":10445}}