{"type":"Feature", "geometry":{"type":"Point", "coordinates":[116.388, 39.9289]}, "properties":{"urlpubtimedate":"2017-05-24T07:00:00Z", "name":"Beijing, Beijing, China", "urltone":0.68, "domain":"sina.com.tw", "urllangcode":"zho", "urlsocialimage":"", "url":"http://news.sina.com.tw/article/20170524/22331258.html", "geores":3, "mentionedthemes":";PUBLIC_TRANSPORT;WB_678_DIGITAL_GOVERNMENT;WB_694_BROADCAST_AND_MEDIA;WB_133_INFORMATION_AND_COMMUNICATION_TECHNOLOGIES;WB_2203_HUMAN_RIGHTS;WB_2482_RECONCILIATION;WB_2519_RESPONSES_TO_HUMAN_RIGHTS_ABUSES;WB_2432_FRAGILITY_CONFLICT_AND_VIOLENCE;TAX_DISEASE_STROKE;TAX_DISEASE_FLU;TAX_ECON_PRICE;", "mentionednames":"", "OBJECTID":10459}}