{"type":"Feature", "geometry":{"type":"Point", "coordinates":[-2, 54]}, "properties":{"urlpubtimedate":"2017-05-24T07:00:00Z", "name":"United Kingdom", "urltone":-11.11, "domain":"thurrockgazette.co.uk", "urllangcode":"eng", "urlsocialimage":"http://www.thurrockgazette.co.uk/resources/images/6382693/", "url":"http://www.thurrockgazette.co.uk/news/national/15305186.Counter_terror_police_arrest_man_at_Stansted_Airport/", "geores":1, "mentionedthemes":";TERROR;WB_2467_TERRORISM;WB_2433_CONFLICT_AND_VIOLENCE;WB_2432_FRAGILITY_CONFLICT_AND_VIOLENCE;WB_2462_POLITICAL_VIOLENCE_AND_WAR;EPU_CATS_NATIONAL_SECURITY;SOC_POINTSOFINTEREST_POLICE_STATION;CRISISLEX_CRISISLEXREC;TAX_MILITARY_TITLE_OFFICERS;TAX_FNCACT_OFFICERS;TAX_WEAPONS_BOMB;EPU_CATS_MIGRATION_FEAR_FEAR;TAX_WEAPONS_SUICIDE_BOMB;KILL;CRISISLEX_T03_DEAD;SOC_SUICIDE;SECURITY_SERVICES;TAX_FNCACT_POLICE;SOC_POINTSOFINTEREST_AIRPORT;WB_135_TRANSPORT;WB_1803_TRANSPORT_INFRASTRUCTURE;WB_1804_AIRPORTS;TAX_FNCACT_MAN;TAX_FNCACT_MAN;WOUND;CRISISLEX_C03_WELLBEING_HEALTH;CRISISLEX_T02_INJURED;ARREST;SOC_GENERALCRIME;CRISISLEX_C07_SAFETY;", "mentionednames":"", "OBJECTID":10451}}