{"type":"Feature", "geometry":{"type":"Point", "coordinates":[-2.2167, 53.5]}, "properties":{"urlpubtimedate":"2017-05-24T07:00:00Z", "name":"Manchester, Manchester, United Kingdom", "urltone":-11.11, "domain":"thurrockgazette.co.uk", "urllangcode":"eng", "urlsocialimage":"http://www.thurrockgazette.co.uk/resources/images/6382693/", "url":"http://www.thurrockgazette.co.uk/news/national/15305186.Counter_terror_police_arrest_man_at_Stansted_Airport/", "geores":3, "mentionedthemes":";SOC_POINTSOFINTEREST_POLICE_STATION;TAX_MILITARY_TITLE_OFFICERS;TAX_FNCACT_OFFICERS;TAX_WEAPONS_BOMB;EPU_CATS_MIGRATION_FEAR_FEAR;TAX_WEAPONS_SUICIDE_BOMB;KILL;CRISISLEX_T03_DEAD;SOC_SUICIDE;SECURITY_SERVICES;TAX_FNCACT_POLICE;TAX_FNCACT_MAN;WOUND;CRISISLEX_C03_WELLBEING_HEALTH;CRISISLEX_T02_INJURED;", "mentionednames":"", "OBJECTID":10453}}