{"type":"Feature", "geometry":{"type":"Point", "coordinates":[38, 35]}, "properties":{"urlpubtimedate":"2017-05-24T07:00:00Z", "name":"Syria", "urltone":-11.11, "domain":"thurrockgazette.co.uk", "urllangcode":"eng", "urlsocialimage":"http://www.thurrockgazette.co.uk/resources/images/6382693/", "url":"http://www.thurrockgazette.co.uk/news/national/15305186.Counter_terror_police_arrest_man_at_Stansted_Airport/", "geores":1, "mentionedthemes":";TERROR;WB_2467_TERRORISM;WB_2433_CONFLICT_AND_VIOLENCE;WB_2432_FRAGILITY_CONFLICT_AND_VIOLENCE;WB_2462_POLITICAL_VIOLENCE_AND_WAR;EPU_CATS_NATIONAL_SECURITY;CRISISLEX_CRISISLEXREC;SECURITY_SERVICES;TAX_FNCACT_POLICE;SOC_POINTSOFINTEREST_AIRPORT;WB_135_TRANSPORT;WB_1803_TRANSPORT_INFRASTRUCTURE;WB_1804_AIRPORTS;TAX_FNCACT_MAN;TAX_FNCACT_MAN;TAX_FNCACT_MAN;ARREST;SOC_GENERALCRIME;CRISISLEX_C07_SAFETY;ARREST;SOC_GENERALCRIME;CRISISLEX_C07_SAFETY;", "mentionednames":"", "OBJECTID":10450}}