{"type":"Feature", "geometry":{"type":"Point", "coordinates":[117.177, 39.1422]}, "properties":{"urlpubtimedate":"2017-05-24T07:00:00Z", "name":"Tianjin, Tianjin, China", "urltone":0.68, "domain":"sina.com.tw", "urllangcode":"zho", "urlsocialimage":"", "url":"http://news.sina.com.tw/article/20170524/22331258.html", "geores":3, "mentionedthemes":";PUBLIC_TRANSPORT;WB_678_DIGITAL_GOVERNMENT;WB_694_BROADCAST_AND_MEDIA;WB_133_INFORMATION_AND_COMMUNICATION_TECHNOLOGIES;TAX_DISEASE_STROKE;", "mentionednames":"", "OBJECTID":10475}}