{"type":"Feature", "geometry":{"type":"Point", "coordinates":[116.388, 39.9289]}, "properties":{"urlpubtimedate":"2017-05-24T07:00:00Z", "name":"Beijing, Beijing, China", "urltone":0.68, "domain":"sina.com.tw", "urllangcode":"zho", "urlsocialimage":"", "url":"http://news.sina.com.tw/article/20170524/22331258.html", "geores":3, "mentionedthemes":";EPU_CATS_NATIONAL_SECURITY;WB_2670_JOBS;WB_1467_EDUCATION_FOR_ALL;WB_2815_SKILLS_AND_EDUCATION;WB_2769_JOBS_STRATEGIES;WB_2824_INTERNSHIP;WB_2132_APPRENTICESHIP;WB_470_EDUCATION;WB_1484_EDUCATION_SKILLS_DEVELOPMENT_AND_LABOR_MARKET;WB_2823_ON_THE_JOB_TRAINING;WB_2024_ANTI_CORRUPTION_AUTHORITIES;WB_696_PUBLIC_SECTOR_MANAGEMENT;WB_840_JUSTICE;WB_2025_INVESTIGATION;WB_831_GOVERNANCE;WB_832_ANTI_CORRUPTION;WB_1014_CRIMINAL_JUSTICE;TAX_FNCACT_CHILD;CRISISLEX_CRISISLEXREC;CRISISLEX_T01_CAUTION_ADVICE;GENERAL_HEALTH;MEDICAL;TAX_FNCACT_AUTHOR;TAX_FNCACT_MODERATOR;MEDIA_MSM;", "mentionednames":";Ella_Chen;Bureau_Of_Investigation;", "OBJECTID":10471}}