{"type":"Feature", "geometry":{"type":"Point", "coordinates":[121, 23.5]}, "properties":{"urlpubtimedate":"2017-05-24T07:00:00Z", "name":"Taiwan", "urltone":0.68, "domain":"sina.com.tw", "urllangcode":"zho", "urlsocialimage":"", "url":"http://news.sina.com.tw/article/20170524/22331258.html", "geores":1, "mentionedthemes":";WB_2024_ANTI_CORRUPTION_AUTHORITIES;WB_696_PUBLIC_SECTOR_MANAGEMENT;WB_840_JUSTICE;WB_2025_INVESTIGATION;WB_831_GOVERNANCE;WB_832_ANTI_CORRUPTION;WB_1014_CRIMINAL_JUSTICE;TAX_FNCACT_AUTHOR;TAX_FNCACT_MODERATOR;MEDIA_MSM;", "mentionednames":";Ella_Chen;Bureau_Of_Investigation;", "OBJECTID":10473}}