{"type":"Feature", "geometry":{"type":"Point", "coordinates":[12.8333, 42.8333]}, "properties":{"urlpubtimedate":"2017-05-24T07:00:00Z", "name":"Italy", "urltone":0.68, "domain":"sina.com.tw", "urllangcode":"zho", "urlsocialimage":"", "url":"http://news.sina.com.tw/article/20170524/22331258.html", "geores":1, "mentionedthemes":";EPU_CATS_NATIONAL_SECURITY;WB_2670_JOBS;WB_1467_EDUCATION_FOR_ALL;WB_2815_SKILLS_AND_EDUCATION;WB_2769_JOBS_STRATEGIES;WB_2824_INTERNSHIP;WB_2132_APPRENTICESHIP;WB_470_EDUCATION;WB_1484_EDUCATION_SKILLS_DEVELOPMENT_AND_LABOR_MARKET;WB_2823_ON_THE_JOB_TRAINING;TAX_FNCACT_CHILD;CRISISLEX_CRISISLEXREC;CRISISLEX_T01_CAUTION_ADVICE;GENERAL_HEALTH;MEDICAL;UNGP_FORESTS_RIVERS_OCEANS;", "mentionednames":"", "OBJECTID":10474}}