{"type":"Feature", "geometry":{"type":"Point", "coordinates":[-81.519, 41.0814]}, "properties":{"urlpubtimedate":"2017-05-24T07:00:00Z", "name":"Akron, Ohio, United States", "urltone":-7.19, "domain":"the-journal.com", "urllangcode":"eng", "urlsocialimage":"https://dur-cjweb.newscyclecloud.com/storyimage/CJ/20170524/AP/305249958/AR/0/AR-305249958.jpg?&ts=1495606159", "url":"https://the-journal.com/articles/49207-suspect-in-ohio-house-fire-that-killed-7-due-in-court", "geores":3, "mentionedthemes":";MANMADE_DISASTER_HOUSE_FIRE;DISASTER_FIRE;SOC_GENERALCRIME;KILL;CRISISLEX_T03_DEAD;TRIAL;SECURITY_SERVICES;TAX_FNCACT_POLICE;CRM_ARSON;CRISISLEX_C07_SAFETY;TAX_FNCACT_MAN;ARREST;", "mentionednames":";Stanley_Ford;", "OBJECTID":10488}}