{"type":"Feature", "geometry":{"type":"Point", "coordinates":[106, 16]}, "properties":{"urlpubtimedate":"2017-05-24T07:00:00Z", "name":"Vietnam", "urltone":0.68, "domain":"sina.com.tw", "urllangcode":"zho", "urlsocialimage":"", "url":"http://news.sina.com.tw/article/20170524/22331258.html", "geores":1, "mentionedthemes":";PUBLIC_TRANSPORT;WB_2203_HUMAN_RIGHTS;WB_2482_RECONCILIATION;WB_2519_RESPONSES_TO_HUMAN_RIGHTS_ABUSES;WB_2432_FRAGILITY_CONFLICT_AND_VIOLENCE;TAX_DISEASE_STROKE;TAX_DISEASE_FLU;TAX_ECON_PRICE;", "mentionednames":"", "OBJECTID":10485}}