{"type":"Feature", "geometry":{"type":"Point", "coordinates":[15, 62]}, "properties":{"urlpubtimedate":"2017-05-24T07:00:00Z", "name":"Sweden", "urltone":0.42, "domain":"opinion.com.bo", "urllangcode":"spa", "urlsocialimage":"", "url":"http://www.opinion.com.bo/opinion/articulos/2017/0524/noticias.php?id=220196", "geores":1, "mentionedthemes":";WB_1921_PRIVATE_SECTOR_DEVELOPMENT;WB_405_BUSINESS_CLIMATE;WB_2531_INSPECTIONS_LICENSING_AND_PERMITS;WB_2530_BUSINESS_ENVIRONMENT;TAX_WORLDMAMMALS_TIGER;TAX_WORLDMAMMALS_SEAL;TAX_FNCACT_CHAMPION;", "mentionednames":";El_Campin;", "OBJECTID":10490}}