{"type":"Feature", "geometry":{"type":"Point", "coordinates":[35, 39]}, "properties":{"urlpubtimedate":"2017-05-24T07:00:00Z", "name":"Turkey", "urltone":-3.77, "domain":"zpravy.e15.cz", "urllangcode":"ces", "urlsocialimage":"http://img.e15.cz/img/11/normal690/3452676_recko.jpg", "url":"http://zpravy.e15.cz/burzy-a-trhy/zahranicni-akcie/recka-burza-roste-o-desitky-procent-investori-veri-zazehnani-dluhove-krize-1332800", "geores":1, "mentionedthemes":";ECON_STOCKMARKET;ECON_STOCKMARKET;TAX_FNCACT_ECONOMIST;", "mentionednames":";Mediterreanean_Las_Vegas;Deloitte_David_Marek;Exchange_Under_Olympem;", "OBJECTID":10497}}