{"type":"Feature", "geometry":{"type":"Point", "coordinates":[9, 51]}, "properties":{"urlpubtimedate":"2017-05-24T07:00:00Z", "name":"Germany", "urltone":-3.77, "domain":"zpravy.e15.cz", "urllangcode":"ces", "urlsocialimage":"http://img.e15.cz/img/11/normal690/3452676_recko.jpg", "url":"http://zpravy.e15.cz/burzy-a-trhy/zahranicni-akcie/recka-burza-roste-o-desitky-procent-investori-veri-zazehnani-dluhove-krize-1332800", "geores":1, "mentionedthemes":";ECON_WORLDCURRENCIES_EURO;TAX_FNCACT_MINISTERS;ECON_DEBT;WB_1104_MACROECONOMIC_VULNERABILITY_AND_DEBT;WB_450_DEBT;ECON_DEBT;WB_1104_MACROECONOMIC_VULNERABILITY_AND_DEBT;WB_450_DEBT;ECON_DEBT;WB_1104_MACROECONOMIC_VULNERABILITY_AND_DEBT;WB_450_DEBT;NEGOTIATIONS;WB_696_PUBLIC_SECTOR_MANAGEMENT;WB_840_JUSTICE;WB_2473_DIPLOMACY_AND_NEGOTIATIONS;WB_939_NEGOTIATION;WB_2470_PEACE_OPERATIONS_AND_CONFLICT_MANAGEMENT;WB_936_ALTERNATIVE_DISPUTE_RESOLUTION;WB_2432_FRAGILITY_CONFLICT_AND_VIOLENCE;WB_843_DISPUTE_RESOLUTION;WB_2471_PEACEKEEPING;", "mentionednames":";Eurogroup_Jeroena_Dijsselbloema;", "OBJECTID":10498}}