{"type":"Feature", "geometry":{"type":"Point", "coordinates":[-85, 13]}, "properties":{"urlpubtimedate":"2017-05-24T07:00:00Z", "name":"Nicaragua", "urltone":0.42, "domain":"opinion.com.bo", "urllangcode":"spa", "urlsocialimage":"", "url":"http://www.opinion.com.bo/opinion/articulos/2017/0524/noticias.php?id=220196", "geores":1, "mentionedthemes":";TAX_FNCACT_LEADER;WB_1921_PRIVATE_SECTOR_DEVELOPMENT;WB_405_BUSINESS_CLIMATE;WB_2531_INSPECTIONS_LICENSING_AND_PERMITS;WB_2530_BUSINESS_ENVIRONMENT;TAX_WORLDMAMMALS_TIGER;TAX_WORLDMAMMALS_SEAL;", "mentionednames":";El_Campin;", "OBJECTID":10494}}