{"type":"Feature", "geometry":{"type":"Point", "coordinates":[23.7333, 37.9833]}, "properties":{"urlpubtimedate":"2017-05-24T07:00:00Z", "name":"Athens, AttikíR, Greece", "urltone":-3.77, "domain":"zpravy.e15.cz", "urllangcode":"ces", "urlsocialimage":"http://img.e15.cz/img/11/normal690/3452676_recko.jpg", "url":"http://zpravy.e15.cz/burzy-a-trhy/zahranicni-akcie/recka-burza-roste-o-desitky-procent-investori-veri-zazehnani-dluhove-krize-1332800", "geores":3, "mentionedthemes":";ECON_STOCKMARKET;ECON_STOCKMARKET;ECON_STOCKMARKET;ECON_STOCKMARKET;CRISISLEX_CRISISLEXREC;CRISISLEX_CRISISLEXREC;ECON_DEBT;WB_1104_MACROECONOMIC_VULNERABILITY_AND_DEBT;WB_450_DEBT;ECON_DEBT;WB_1104_MACROECONOMIC_VULNERABILITY_AND_DEBT;WB_450_DEBT;", "mentionednames":";Mediterreanean_Las_Vegas;Exchange_Under_Olympem;", "OBJECTID":10499}}