<root xmlns:kml="http://www.opengis.net/kml/2.2">
 <location>
      <item><kml:Point><kml:coordinates>72.136230,22.309425</kml:coordinates></kml:Point></item>
      <item><kml:Point><kml:coordinates>72.831062,21.170240</kml:coordinates></kml:Point></item>
      <item><kml:Point><kml:coordinates>70.800705,22.308155</kml:coordinates></kml:Point></item>
 </location>
  <prop>
	<id>13</id>
	<type>kml</type>
    <category>States</category>
    <name>Gujarat</name>
    <population>600</population>
    <Elevation>30</Elevation>
  </prop>
</root>