<root xmlns:georss="http://www.georss.org/georss">
 <location>
  <item>   
      <georss:point>22.309425 72.136230</georss:point>    
  </item>
  <item>   
      <georss:point>21.170240 72.831062</georss:point>
  </item>
  <item>
      <georss:point>22.308155 70.800705</georss:point>
  </item>
 </location>
  <prop>
	<id>13</id>
	<type>rss</type>
    <category>States</category>
    <name>Gujarat</name>
    <population>600</population>
    <Elevation>30</Elevation>
  </prop>
</root>