<root xmlns:geo="http://marklogic.com/geospatial">
 <location>
  <item>
    <gml:Point xmlns:gml="http://www.opengis.net/gml/3.2">
      <gml:pos>22.309425 72.136230</gml:pos>
    </gml:Point>
  </item>
  <item>
    <gml:Point xmlns:gml="http://www.opengis.net/gml/3.2">
      <gml:pos>21.170240 72.831062</gml:pos>
    </gml:Point>
  </item>
  <item>
      <georss:point xmlns:georss="http://www.georss.org/georss">22.308155 70.800705</georss:point>
  </item>
 </location>
  <prop>
	<id>13</id>
	<type>any</type>
    <category>States</category>
    <name>Gujarat</name>
    <population>600</population>
    <Elevation>30</Elevation>
  </prop>
</root>