<root xmlns:geo="http://marklogic.com/geospatial">
 <location>
  <item><kml:Point xmlns:kml="http://www.opengis.net/kml/2.2"><kml:coordinates>77.947998,23.473324</kml:coordinates></kml:Point></item>
  <item><georss:point xmlns:georss="http://www.georss.org/georss">23.16877 79.931847</georss:point></item></location>
  <prop>
	<id>2</id>
	<type>any</type>
    <category>States</category>
    <name>Madhya Pradesh</name>
    <population>75</population>
    <Elevation>1388</Elevation>
  </prop>
</root>