{"type":"Feature", "geometry":{"type":"Point", "coordinates":[13.18, 32.8925]}, "properties":{"urlpubtimedate":"2017-05-24T06:00:00Z", "name":"Tripoli, Tarabulus, Libya", "urltone":-3.41, "domain":"rtbf.be", "urllangcode":"fra", "urlsocialimage":"https://ds1.static.rtbf.be/article/image/1248x702/5/d/e/712a4ee3c24aa1285948c1e3771df8dded4e4c8d.jpg", "url":"https://www.rtbf.be/info/monde/detail_le-suspect-de-manchester-un-etudiant-reserve-issu-d-un-quartier-modeste?id=9615589", "geores":3, "mentionedthemes":";WB_2467_TERRORISM;WB_2433_CONFLICT_AND_VIOLENCE;WB_2432_FRAGILITY_CONFLICT_AND_VIOLENCE;WB_2462_POLITICAL_VIOLENCE_AND_WAR;EPU_CATS_NATIONAL_SECURITY;TAX_FNCACT_FATHER;USPEC_POLITICS_GENERAL1;TAX_RELIGION_MOSQUE;", "mentionednames":";Salman_Abedi;Salman_Abedi;Mohammed_Saeed;", "OBJECTID":0}}