{"type":"Feature", "geometry":{"type":"Point", "coordinates":[45, 25]}, "properties":{"urlpubtimedate":"2017-05-24T06:00:00Z", "name":"Saudi Arabia", "urltone":0.78, "domain":"lewrockwell.com", "urllangcode":"eng", "urlsocialimage":"", "url":"https://www.lewrockwell.com/2017/05/bionic-mosquito/the-enemies-list/", "geores":1, "mentionedthemes":";ENV_OIL;ENV_OIL;WB_2670_JOBS;WB_1467_EDUCATION_FOR_ALL;WB_470_EDUCATION;WB_2131_EMPLOYABILITY_SKILLS_AND_JOBS;WB_1484_EDUCATION_SKILLS_DEVELOPMENT_AND_LABOR_MARKET;TAX_ETHNICITY_AMERICAN;TAX_FNCACT_ADVISER;", "mentionednames":";Jared_Kushner;Saudi_Aramco;Mcdermott_International;Schlumberger;Honeywell;United_States;United_States;", "OBJECTID":1001}}