{"type":"Feature", "geometry":{"type":"Point", "coordinates":[45, 25]}, "properties":{"urlpubtimedate":"2017-05-24T06:00:00Z", "name":"Saudi Arabia", "urltone":0.78, "domain":"lewrockwell.com", "urllangcode":"eng", "urlsocialimage":"", "url":"https://www.lewrockwell.com/2017/05/bionic-mosquito/the-enemies-list/", "geores":1, "mentionedthemes":";TAX_FNCACT_EXECUTIVES;EPU_ECONOMY_HISTORIC;LEADER;TAX_FNCACT_PRESIDENT;USPEC_POLITICS_GENERAL1;TAX_FNCACT_KING;", "mentionednames":";Lockheed_Martin;", "OBJECTID":1008}}