{"type":"Feature", "geometry":{"type":"Point", "coordinates":[-2.2167, 53.5]}, "properties":{"urlpubtimedate":"2017-05-24T06:00:00Z", "name":"Manchester, Manchester, United Kingdom", "urltone":-2.33, "domain":"sydsvenskan.se", "urllangcode":"swe", "urlsocialimage":"https://www.sydsvenskan.se/images/aWNYfDTm_lhz3Jpo5RGIyUSUl_M.jpg", "url":"https://www.sydsvenskan.se/2017-05-24/take-that-staller-in-konserter", "geores":3, "mentionedthemes":";TAX_WORLDMAMMALS_HUMAN;TERROR;ARMEDCONFLICT;CRISISLEX_CRISISLEXREC;CRISISLEX_CRISISLEXREC;", "mentionednames":";Pop_Group;", "OBJECTID":101}}