{"type":"Feature", "geometry":{"type":"Point", "coordinates":[45, 25]}, "properties":{"urlpubtimedate":"2017-05-24T06:00:00Z", "name":"Saudi Arabia", "urltone":0.78, "domain":"lewrockwell.com", "urllangcode":"eng", "urlsocialimage":"", "url":"https://www.lewrockwell.com/2017/05/bionic-mosquito/the-enemies-list/", "geores":1, "mentionedthemes":";TAX_FNCACT_PRIME_MINISTER;TAX_FNCACT_MINISTER;EPU_ECONOMY;TAX_FNCACT_WOMEN;LEADER;TAX_FNCACT_PRESIDENT;USPEC_POLITICS_GENERAL1;LEADER;TAX_FNCACT_PRESIDENT;USPEC_POLITICS_GENERAL1;WB_2936_GOLD;WB_507_ENERGY_AND_EXTRACTIVES;WB_895_MINING_SYSTEMS;WB_1699_METAL_ORE_MINING;TAX_FNCACT_KING;TAX_ETHNICITY_RUSSIAN;TAX_WORLDLANGUAGES_RUSSIAN;", "mentionednames":";Theresa_May;Melania_Trump;Barack_Obama;King_Abdulaziz_Al_Saud;Ivanka_Trump;Vladimir_Putin;", "OBJECTID":1015}}