{"type":"Feature", "geometry":{"type":"Point", "coordinates":[45, 25]}, "properties":{"urlpubtimedate":"2017-05-24T06:00:00Z", "name":"Saudi Arabia", "urltone":0.78, "domain":"lewrockwell.com", "urllangcode":"eng", "urlsocialimage":"", "url":"https://www.lewrockwell.com/2017/05/bionic-mosquito/the-enemies-list/", "geores":1, "mentionedthemes":";USPEC_POLICY1;EPU_POLICY_POLICY;TAX_ETHNICITY_AMERICAN;CRISISLEX_CRISISLEXREC;MILITARY_COOPERATION;LEADER;TAX_FNCACT_PRESIDENT;USPEC_POLITICS_GENERAL1;LEADER;TAX_FNCACT_PRESIDENT;USPEC_POLITICS_GENERAL1;", "mentionednames":";Barack_Obama;Toby_Keith;", "OBJECTID":1017}}