{"type":"Feature", "geometry":{"type":"Point", "coordinates":[45, 25]}, "properties":{"urlpubtimedate":"2017-05-24T06:00:00Z", "name":"Saudi Arabia", "urltone":0.78, "domain":"lewrockwell.com", "urllangcode":"eng", "urlsocialimage":"", "url":"https://www.lewrockwell.com/2017/05/bionic-mosquito/the-enemies-list/", "geores":1, "mentionedthemes":";WB_2467_TERRORISM;WB_2433_CONFLICT_AND_VIOLENCE;WB_2462_POLITICAL_VIOLENCE_AND_WAR;SANITATION;TAX_WORLDMAMMALS_HUMAN;SOC_USSECURITYAGENCIES;TAX_FNCACT_MINISTER;SELF_IDENTIFIED_HUMAN_RIGHTS;WB_2203_HUMAN_RIGHTS;UNGP_CRIME_VIOLENCE;TERROR;TAX_ETHNICITY_ARAB;", "mentionednames":";United_States;", "OBJECTID":1019}}