{"type":"Feature", "geometry":{"type":"Point", "coordinates":[46.7728, 24.6408]}, "properties":{"urlpubtimedate":"2017-05-24T06:00:00Z", "name":"Riyadh, Ar Riya?, Saudi Arabia", "urltone":0.78, "domain":"lewrockwell.com", "urllangcode":"eng", "urlsocialimage":"", "url":"https://www.lewrockwell.com/2017/05/bionic-mosquito/the-enemies-list/", "geores":3, "mentionedthemes":";USPEC_POLICY1;EPU_POLICY_POLICY;TAX_FNCACT_MINISTER;TAX_ETHNICITY_AMERICAN;CRISISLEX_CRISISLEXREC;", "mentionednames":";Toby_Keith;", "OBJECTID":1021}}