{"type":"Feature", "geometry":{"type":"Point", "coordinates":[-2, 54]}, "properties":{"urlpubtimedate":"2017-05-24T06:00:00Z", "name":"United Kingdom", "urltone":-2.52, "domain":"denik.cz", "urllangcode":"ces", "urlsocialimage":"", "url":"http://www.denik.cz/diskuse/den-ivana-hoffmana-akce-a-reakce.html", "geores":1, "mentionedthemes":";UNGP_FORESTS_RIVERS_OCEANS;UNGP_FORESTS_RIVERS_OCEANS;CRISISLEX_CRISISLEXREC;NATURAL_DISASTER_ERUPTION;SOC_SUICIDE;USPEC_UNCERTAINTY1;TAX_ETHNICITY_FRENCH;TAX_WORLDLANGUAGES_FRENCH;TAX_ETHNICITY_RUSSIANS;TAX_WORLDLANGUAGES_RUSSIANS;WB_137_WATER;TAX_FNCACT_CHILDREN;", "mentionednames":"", "OBJECTID":1024}}