{"type":"Feature", "geometry":{"type":"Point", "coordinates":[-87.1133, 37.7742]}, "properties":{"urlpubtimedate":"2017-05-24T06:00:00Z", "name":"Owensboro, Kentucky, United States", "urltone":-2.52, "domain":"denik.cz", "urllangcode":"ces", "urlsocialimage":"", "url":"http://www.denik.cz/diskuse/den-ivana-hoffmana-akce-a-reakce.html", "geores":3, "mentionedthemes":";EDUCATION;SOC_POINTSOFINTEREST_SCHOOL;BAN;WB_678_DIGITAL_GOVERNMENT;WB_694_BROADCAST_AND_MEDIA;WB_133_INFORMATION_AND_COMMUNICATION_TECHNOLOGIES;TAX_FNCACT_EDITOR;MANMADE_DISASTER_IMPLIED;", "mentionednames":";Vltava_Labe;Went_To_School;", "OBJECTID":1025}}