{"type":"Feature", "geometry":{"type":"Point", "coordinates":[12.4833, 41.9]}, "properties":{"urlpubtimedate":"2017-05-24T06:00:00Z", "name":"Rome, Lazio, Italy", "urltone":-2.52, "domain":"denik.cz", "urllangcode":"ces", "urlsocialimage":"", "url":"http://www.denik.cz/diskuse/den-ivana-hoffmana-akce-a-reakce.html", "geores":3, "mentionedthemes":";TERROR;WB_2467_TERRORISM;WB_2433_CONFLICT_AND_VIOLENCE;WB_2432_FRAGILITY_CONFLICT_AND_VIOLENCE;WB_2462_POLITICAL_VIOLENCE_AND_WAR;EPU_CATS_NATIONAL_SECURITY;TAX_RELIGION_ISLAMIC;", "mentionednames":"", "OBJECTID":1026}}