{"type":"Feature", "geometry":{"type":"Point", "coordinates":[100, 60]}, "properties":{"urlpubtimedate":"2017-05-24T06:00:00Z", "name":"Russia", "urltone":-2.52, "domain":"denik.cz", "urllangcode":"ces", "urlsocialimage":"", "url":"http://www.denik.cz/diskuse/den-ivana-hoffmana-akce-a-reakce.html", "geores":1, "mentionedthemes":";CRISISLEX_CRISISLEXREC;CRISISLEX_CRISISLEXREC;NATURAL_DISASTER_ERUPTION;TAX_RELIGION_MUSLIM;TAX_ETHNICITY_MUSLIM;USPEC_UNCERTAINTY1;TAX_ETHNICITY_FRENCH;TAX_WORLDLANGUAGES_FRENCH;TAX_ETHNICITY_FRENCH;TAX_WORLDLANGUAGES_FRENCH;TAX_ETHNICITY_RUSSIANS;TAX_WORLDLANGUAGES_RUSSIANS;TAX_ETHNICITY_RUSSIANS;TAX_WORLDLANGUAGES_RUSSIANS;WB_137_WATER;", "mentionednames":"", "OBJECTID":1028}}