{"type":"Feature", "geometry":{"type":"Point", "coordinates":[-84.6514, 37.669]}, "properties":{"urlpubtimedate":"2017-05-24T06:00:00Z", "name":"Kentucky, United States", "urltone":-2.52, "domain":"denik.cz", "urllangcode":"ces", "urlsocialimage":"", "url":"http://www.denik.cz/diskuse/den-ivana-hoffmana-akce-a-reakce.html", "geores":2, "mentionedthemes":";EDUCATION;SOC_POINTSOFINTEREST_SCHOOL;BAN;WB_678_DIGITAL_GOVERNMENT;WB_694_BROADCAST_AND_MEDIA;WB_133_INFORMATION_AND_COMMUNICATION_TECHNOLOGIES;MANMADE_DISASTER_IMPLIED;", "mentionednames":";Vltava_Labe;Went_To_School;", "OBJECTID":1030}}