{"type":"Feature", "geometry":{"type":"Point", "coordinates":[-75.3399, 40.1215]}, "properties":{"urlpubtimedate":"2017-05-24T06:00:00Z", "name":"Norristown, Pennsylvania, United States", "urltone":-4.79, "domain":"mysanantonio.com", "urllangcode":"eng", "urlsocialimage":"http://ww1.hdnux.com/photos/61/34/17/12960728/3/rawImage.jpg", "url":"http://www.mysanantonio.com/news/crime/article/Defense-raises-race-bias-in-Cosby-jury-selection-11168986.php", "geores":3, "mentionedthemes":"", "mentionednames":";Bill_Cosby;Andrea_Constand;Laurie_Levenson;Loyola_Law_School;", "OBJECTID":1036}}