{"type":"Feature", "geometry":{"type":"Point", "coordinates":[-110.326, 46.9048]}, "properties":{"urlpubtimedate":"2017-05-24T06:00:00Z", "name":"Montana, United States", "urltone":-0.22, "domain":"wsoctv.com", "urllangcode":"eng", "urlsocialimage":"", "url":"http://www.wsoctv.com/news/national/ap-top-us-news-at-1231-am-edt-3/525905541", "geores":2, "mentionedthemes":";MANMADE_DISASTER_IMPLIED;WB_168_ROADS_AND_HIGHWAYS;WB_1809_HIGHWAYS;DISABILITY;TAX_WORLDMAMMALS_WHALE;EPU_CATS_REGULATION;GENERAL_HEALTH;MEDICAL;UNGP_CRIME_VIOLENCE;TAX_FNCACT_ENVOY;ENV_WATERWAYS;WB_1805_WATERWAYS;WB_135_TRANSPORT;WB_1803_TRANSPORT_INFRASTRUCTURE;EPU_CATS_HEALTHCARE;SCIENCE;SOC_POINTSOFINTEREST_AIRPORT;WB_1804_AIRPORTS;NATURAL_DISASTER_LANDSLIDE;CRISISLEX_CRISISLEXREC;AFFECT;REFUGEES;", "mentionednames":";Associated_Press;", "OBJECTID":1041}}