{"type":"Feature", "geometry":{"type":"Point", "coordinates":[110.333, 1.55]}, "properties":{"urlpubtimedate":"2017-05-24T06:00:00Z", "name":"Kuching, Sarawak, Malaysia", "urltone":-8.62, "domain":"bernama.com", "urllangcode":"eng", "urlsocialimage":"", "url":"http://www.bernama.com/bernama/v8/newsindex.php?id=1358786", "geores":3, "mentionedthemes":";TRAFFIC;TRAFFIC;TAX_FNCACT_INSPECTOR;TAX_FNCACT_INSPECTOR;TAX_FNCACT_BUSINESSMAN;WB_2019_ANTI_CORRUPTION_LEGISLATION;WB_696_PUBLIC_SECTOR_MANAGEMENT;WB_831_GOVERNANCE;WB_832_ANTI_CORRUPTION;WB_2020_BRIBERY_FRAUD_AND_COLLUSION;SOC_POINTSOFINTEREST_HEADQUARTERS;CORRUPTION;CORRUPTION;SECURITY_SERVICES;TAX_FNCACT_POLICE;CRISISLEX_C07_SAFETY;SECURITY_SERVICES;TAX_FNCACT_POLICE;CRISISLEX_C07_SAFETY;SECURITY_SERVICES;TAX_FNCACT_POLICE;CRISISLEX_C07_SAFETY;SECURITY_SERVICES;TAX_FNCACT_POLICE;CRISISLEX_C07_SAFETY;ARREST;ARREST;", "mentionednames":";Traffic_Police_Inspector;Corruption_Court;", "OBJECTID":1042}}