{"type":"Feature", "geometry":{"type":"Point", "coordinates":[120, -5]}, "properties":{"urlpubtimedate":"2017-05-24T06:00:00Z", "name":"Indonesia", "urltone":-8.62, "domain":"bernama.com", "urllangcode":"eng", "urlsocialimage":"", "url":"http://www.bernama.com/bernama/v8/newsindex.php?id=1358786", "geores":1, "mentionedthemes":";GENERAL_GOVERNMENT;EPU_POLICY_GOVERNMENT;SOC_POINTSOFINTEREST_JAIL;SOC_POINTSOFINTEREST_JAIL;TAX_FNCACT_WORKER;TAX_FNCACT_BUSINESSMAN;TAX_FNCACT_BUSINESSMAN;TAX_FNCACT_AUTHORITIES;CRISISLEX_CRISISLEXREC;EPU_POLICY_AUTHORITIES;TAX_FNCACT_GOVERNMENT_AGENT;TAX_FNCACT_AGENT;TAX_ETHNICITY_INDONESIAN;TAX_WORLDLANGUAGES_INDONESIAN;WB_1921_PRIVATE_SECTOR_DEVELOPMENT;WB_405_BUSINESS_CLIMATE;WB_2531_INSPECTIONS_LICENSING_AND_PERMITS;WB_2530_BUSINESS_ENVIRONMENT;", "mentionednames":";Jalan_Penrissen;", "OBJECTID":1044}}