{"type":"Feature", "geometry":{"type":"Point", "coordinates":[112.5, 2.5]}, "properties":{"urlpubtimedate":"2017-05-24T06:00:00Z", "name":"Malaysia", "urltone":-8.62, "domain":"bernama.com", "urllangcode":"eng", "urlsocialimage":"", "url":"http://www.bernama.com/bernama/v8/newsindex.php?id=1358786", "geores":1, "mentionedthemes":";TRAFFIC;TRAFFIC;TAX_FNCACT_INSPECTOR;TAX_FNCACT_JUDGE;TAX_FNCACT_BUSINESSMAN;WB_2019_ANTI_CORRUPTION_LEGISLATION;WB_696_PUBLIC_SECTOR_MANAGEMENT;WB_831_GOVERNANCE;WB_832_ANTI_CORRUPTION;WB_2020_BRIBERY_FRAUD_AND_COLLUSION;SOC_POINTSOFINTEREST_HEADQUARTERS;SOC_POINTSOFINTEREST_HEADQUARTERS;CORRUPTION;CORRUPTION;SECURITY_SERVICES;TAX_FNCACT_POLICE;CRISISLEX_C07_SAFETY;SECURITY_SERVICES;TAX_FNCACT_POLICE;CRISISLEX_C07_SAFETY;SECURITY_SERVICES;TAX_FNCACT_POLICE;CRISISLEX_C07_SAFETY;ARREST;", "mentionednames":";Nixon_Kennedy_Kumbong;Corruption_Court;Corruption_Commission;", "OBJECTID":1045}}