{"type":"Feature", "geometry":{"type":"Point", "coordinates":[120.18, 32.9274]}, "properties":{"urlpubtimedate":"2017-05-24T06:00:00Z", "name":"Hunan, Jiangsu, China", "urltone":3.03, "domain":"xinhuanet.com", "urllangcode":"eng", "urlsocialimage":"", "url":"http://news.xinhuanet.com/english/2017-05/24/c_136310626.htm", "geores":3, "mentionedthemes":";SOC_POINTSOFINTEREST_COLLEGE;TAX_FNCACT_EDITOR;EDUCATION;SOC_POINTSOFINTEREST_SCHOOL;EDUCATION;SOC_POINTSOFINTEREST_SCHOOL;EDUCATION;SOC_POINTSOFINTEREST_SCHOOL;EDUCATION;SOC_POINTSOFINTEREST_SCHOOL;", "mentionednames":";Crafts_Vocational_College_In_Yiyang;Xinhua;Xinhua;", "OBJECTID":1049}}