{"type":"Feature", "geometry":{"type":"Point", "coordinates":[9.4043, 56.4528]}, "properties":{"urlpubtimedate":"2017-05-24T06:00:00Z", "name":"Viborg, Midtjylland, Denmark", "urltone":1.12, "domain":"finans.dk", "urllangcode":"dan", "urlsocialimage":"http://jyllands-posten.dk/pictures/NICA_Billede__free_/article6670455.ece/ALTERNATES/f_a-s/OK-Nakskov", "url":"http://finans.dk/privatokonomi/ECE9599836/her-kan-du-koebe-et-hus-og-betale-under-300-kr-om-maaneden/", "geores":3, "mentionedthemes":";ECON_TAXATION;USPEC_POLICY1;EPU_POLICY_TAX;EPU_CATS_TAXES;ECON_TAXATION;USPEC_POLICY1;EPU_POLICY_TAX;EPU_CATS_TAXES;TAX_FNCACT_SUPERVISOR;CRISISLEX_T04_INFRASTRUCTURE;", "mentionednames":"", "OBJECTID":105}}