{"type":"Feature", "geometry":{"type":"Point", "coordinates":[9.9167, 47.25]}, "properties":{"urlpubtimedate":"2017-05-24T06:00:00Z", "name":"Vorarlberg, Vorarlberg, Austria", "urltone":3.64, "domain":"vol.at", "urllangcode":"deu", "urlsocialimage":"http://cdn1.vol.at/2017/05/Montafon-Tourismus-650x435.jpg", "url":"http://www.vol.at/vorarlberg-montafoner-du-als-marke-fuer-den-tourismus/5296489", "geores":2, "mentionedthemes":";TAX_ETHNICITY_GERMAN;TAX_WORLDLANGUAGES_GERMAN;TOURISM;WB_825_TOURISM;WB_1921_PRIVATE_SECTOR_DEVELOPMENT;WB_346_COMPETITIVE_INDUSTRIES;WB_818_INDUSTRY_POLICY_AND_REAL_SECTORS;TOURISM;WB_825_TOURISM;WB_1921_PRIVATE_SECTOR_DEVELOPMENT;WB_346_COMPETITIVE_INDUSTRIES;WB_818_INDUSTRY_POLICY_AND_REAL_SECTORS;", "mentionednames":";Christopher_German;", "OBJECTID":1052}}