{"type":"Feature", "geometry":{"type":"Point", "coordinates":[127.5, 37]}, "properties":{"urlpubtimedate":"2017-05-24T06:00:00Z", "name":"South Korea", "urltone":2.36, "domain":"sina.com.tw", "urllangcode":"zho", "urlsocialimage":"http://static.news.sina.com.tw/article/images/news-14956020375793.jpg", "url":"http://news.sina.com.tw/article/20170524/22330238.html", "geores":1, "mentionedthemes":";GENERAL_GOVERNMENT;EPU_POLICY_GOVERNMENT;EDUCATION;SOC_POINTSOFINTEREST_SCHOOL;TAX_ETHNICITY_KOREAN;TAX_WORLDLANGUAGES_KOREAN;TAX_FNCACT_ENVOY;TAX_FNCACT_ENVOY;TAX_FNCACT_CHAIRMAN;LEADER;TAX_FNCACT_PRESIDENT;", "mentionednames":";B_Han_Guan;Lee_Sea;School_Envoy_China;Peak_Forum;", "OBJECTID":1056}}