{"type":"Feature", "geometry":{"type":"Point", "coordinates":[10, 56]}, "properties":{"urlpubtimedate":"2017-05-24T06:00:00Z", "name":"Denmark", "urltone":1.12, "domain":"finans.dk", "urllangcode":"dan", "urlsocialimage":"http://jyllands-posten.dk/pictures/NICA_Billede__free_/article6670455.ece/ALTERNATES/f_a-s/OK-Nakskov", "url":"http://finans.dk/privatokonomi/ECE9599836/her-kan-du-koebe-et-hus-og-betale-under-300-kr-om-maaneden/", "geores":1, "mentionedthemes":";TAX_ECON_PRICE;TAX_FNCACT_SUPERVISOR;CRISISLEX_T04_INFRASTRUCTURE;", "mentionednames":"", "OBJECTID":106}}