{"type":"Feature", "geometry":{"type":"Point", "coordinates":[116.388, 39.9289]}, "properties":{"urlpubtimedate":"2017-05-24T06:00:00Z", "name":"Beijing, Beijing, China", "urltone":2.36, "domain":"sina.com.tw", "urllangcode":"zho", "urlsocialimage":"http://static.news.sina.com.tw/article/images/news-14956020375793.jpg", "url":"http://news.sina.com.tw/article/20170524/22330238.html", "geores":3, "mentionedthemes":";WB_2473_DIPLOMACY_AND_NEGOTIATIONS;WB_2470_PEACE_OPERATIONS_AND_CONFLICT_MANAGEMENT;WB_2432_FRAGILITY_CONFLICT_AND_VIOLENCE;WB_2471_PEACEKEEPING;WB_2473_DIPLOMACY_AND_NEGOTIATIONS;WB_2470_PEACE_OPERATIONS_AND_CONFLICT_MANAGEMENT;WB_2432_FRAGILITY_CONFLICT_AND_VIOLENCE;WB_2471_PEACEKEEPING;WB_2473_DIPLOMACY_AND_NEGOTIATIONS;WB_2470_PEACE_OPERATIONS_AND_CONFLICT_MANAGEMENT;WB_2432_FRAGILITY_CONFLICT_AND_VIOLENCE;WB_2471_PEACEKEEPING;TAX_FNCACT_USHER;TAX_FNCACT_CHAIRMAN;", "mentionednames":";Peak_Forum;Peak_Forum;", "OBJECTID":1063}}