{"type":"Feature", "geometry":{"type":"Point", "coordinates":[115, 15]}, "properties":{"urlpubtimedate":"2017-05-24T06:00:00Z", "name":"South China Sea, Brunei (General), Brunei", "urltone":2.36, "domain":"sina.com.tw", "urllangcode":"zho", "urlsocialimage":"http://static.news.sina.com.tw/article/images/news-14956020375793.jpg", "url":"http://news.sina.com.tw/article/20170524/22330238.html", "geores":3, "mentionedthemes":";GENERAL_GOVERNMENT;EPU_POLICY_GOVERNMENT;WB_2473_DIPLOMACY_AND_NEGOTIATIONS;WB_2470_PEACE_OPERATIONS_AND_CONFLICT_MANAGEMENT;WB_2432_FRAGILITY_CONFLICT_AND_VIOLENCE;WB_2471_PEACEKEEPING;TAX_WORLDLANGUAGES_BRUNEI;TAX_WORLDLANGUAGES_BRUNEI;TAX_WORLDLANGUAGES_BRUNEI;TAX_FNCACT_CHAIRMAN;", "mentionednames":";Au_National_On_South_China_Sea;", "OBJECTID":1064}}