{"type":"Feature", "geometry":{"type":"Point", "coordinates":[115, 15]}, "properties":{"urlpubtimedate":"2017-05-24T06:00:00Z", "name":"South China Sea, Brunei (General), Brunei", "urltone":2.36, "domain":"sina.com.tw", "urllangcode":"zho", "urlsocialimage":"http://static.news.sina.com.tw/article/images/news-14956020375793.jpg", "url":"http://news.sina.com.tw/article/20170524/22330238.html", "geores":3, "mentionedthemes":";TAX_WORLDLANGUAGES_BRUNEI;TAX_WORLDLANGUAGES_BRUNEI;TAX_WORLDLANGUAGES_BRUNEI;UNGP_FORESTS_RIVERS_OCEANS;EPU_CATS_MIGRATION_FEAR_FEAR;", "mentionednames":"", "OBJECTID":1067}}