{"type":"Feature", "geometry":{"type":"Point", "coordinates":[10, 56]}, "properties":{"urlpubtimedate":"2017-05-24T06:00:00Z", "name":"Denmark", "urltone":1.12, "domain":"finans.dk", "urllangcode":"dan", "urlsocialimage":"http://jyllands-posten.dk/pictures/NICA_Billede__free_/article6670455.ece/ALTERNATES/f_a-s/OK-Nakskov", "url":"http://finans.dk/privatokonomi/ECE9599836/her-kan-du-koebe-et-hus-og-betale-under-300-kr-om-maaneden/", "geores":1, "mentionedthemes":";ECON_HOUSING_PRICES;WB_904_HOUSING_MARKETS;WB_817_LAND_AND_HOUSING;WB_813_URBAN_GOVERNANCE_AND_CITY_SYSTEMS;WB_699_URBAN_DEVELOPMENT;ECON_HOUSING_PRICES;WB_904_HOUSING_MARKETS;WB_817_LAND_AND_HOUSING;WB_813_URBAN_GOVERNANCE_AND_CITY_SYSTEMS;WB_699_URBAN_DEVELOPMENT;TAX_WORLDLANGUAGES_DANISH;WB_2670_JOBS;WB_1467_EDUCATION_FOR_ALL;WB_470_EDUCATION;WB_2131_EMPLOYABILITY_SKILLS_AND_JOBS;WB_1484_EDUCATION_SKILLS_DEVELOPMENT_AND_LABOR_MARKET;EPU_ECONOMY;EPU_ECONOMY_HISTORIC;EPU_ECONOMY;EPU_ECONOMY_HISTORIC;CRISISLEX_CRISISLEXREC;USPEC_POLITICS_GENERAL1;WB_1160_SHOCKS_AND_VULNERABILITY;WB_695_POVERTY;", "mentionednames":"", "OBJECTID":108}}