{"type":"Feature", "geometry":{"type":"Point", "coordinates":[105, 35]}, "properties":{"urlpubtimedate":"2017-05-24T06:00:00Z", "name":"China", "urltone":2.36, "domain":"sina.com.tw", "urllangcode":"zho", "urlsocialimage":"http://static.news.sina.com.tw/article/images/news-14956020375793.jpg", "url":"http://news.sina.com.tw/article/20170524/22330238.html", "geores":1, "mentionedthemes":";MARITIME;MARITIME;CRISISLEX_C07_SAFETY;TAX_FNCACT_ENVOY;LEADER;TAX_FNCACT_PRESIDENT;LEADER;TAX_FNCACT_PRESIDENT;", "mentionednames":";Peak_Forum;", "OBJECTID":1095}}