{"type":"Feature", "geometry":{"type":"Point", "coordinates":[105, 35]}, "properties":{"urlpubtimedate":"2017-05-24T06:00:00Z", "name":"China", "urltone":2.36, "domain":"sina.com.tw", "urllangcode":"zho", "urlsocialimage":"http://static.news.sina.com.tw/article/images/news-14956020375793.jpg", "url":"http://news.sina.com.tw/article/20170524/22330238.html", "geores":1, "mentionedthemes":";WB_2473_DIPLOMACY_AND_NEGOTIATIONS;WB_2470_PEACE_OPERATIONS_AND_CONFLICT_MANAGEMENT;WB_2432_FRAGILITY_CONFLICT_AND_VIOLENCE;WB_2471_PEACEKEEPING;TAX_FNCACT_ENVOY;EPU_CATS_MIGRATION_FEAR_FEAR;USPEC_POLITICS_GENERAL1;", "mentionednames":";B_Han_Guan;Development_Lee_Envoy;National_Off;", "OBJECTID":1099}}