{"type":"Feature", "geometry":{"type":"Point", "coordinates":[-0.1167, 51.5]}, "properties":{"urlpubtimedate":"2017-05-24T06:00:00Z", "name":"London, London, City Of, United Kingdom", "urltone":-3.41, "domain":"rtbf.be", "urllangcode":"fra", "urlsocialimage":"https://ds1.static.rtbf.be/article/image/1248x702/5/d/e/712a4ee3c24aa1285948c1e3771df8dded4e4c8d.jpg", "url":"https://www.rtbf.be/info/monde/detail_le-suspect-de-manchester-un-etudiant-reserve-issu-d-un-quartier-modeste?id=9615589", "geores":3, "mentionedthemes":";WB_678_DIGITAL_GOVERNMENT;WB_694_BROADCAST_AND_MEDIA;WB_133_INFORMATION_AND_COMMUNICATION_TECHNOLOGIES;GENERAL_GOVERNMENT;SECURITY_SERVICES;TAX_FNCACT_POLICE;CRISISLEX_C07_SAFETY;SECURITY_SERVICES;TAX_FNCACT_POLICE;CRISISLEX_C07_SAFETY;", "mentionednames":";Salman_Abedi;", "OBJECTID":11}}