{"type":"Feature", "geometry":{"type":"Point", "coordinates":[18.5, -12.5]}, "properties":{"urlpubtimedate":"2017-05-24T06:00:00Z", "name":"Angola", "urltone":-1.92, "domain":"unitaangola.org", "urllangcode":"por", "urlsocialimage":"", "url":"http://www.unitaangola.org/PT/affiartinouv4.awp?pArticle=11981&AWPIDA93CD5D0=EB72A8516454E53F7672D9D1F195936B5160F35B", "geores":1, "mentionedthemes":";WB_2203_HUMAN_RIGHTS;WB_2482_RECONCILIATION;WB_2519_RESPONSES_TO_HUMAN_RIGHTS_ABUSES;WB_2432_FRAGILITY_CONFLICT_AND_VIOLENCE;POVERTY;WB_695_POVERTY;EPU_ECONOMY;EPU_ECONOMY_HISTORIC;ELECTION;MEDIA_CENSORSHIP;UNGP_POLITICAL_FREEDOMS;EPU_POLICY_POLITICAL;", "mentionednames":"", "OBJECTID":110}}