{"type":"Feature", "geometry":{"type":"Point", "coordinates":[106.717, 26.5833]}, "properties":{"urlpubtimedate":"2017-05-24T06:00:00Z", "name":"Guiyang, Guizhou, China", "urltone":2.36, "domain":"sina.com.tw", "urllangcode":"zho", "urlsocialimage":"http://static.news.sina.com.tw/article/images/news-14956020375793.jpg", "url":"http://news.sina.com.tw/article/20170524/22330238.html", "geores":3, "mentionedthemes":";MARITIME;TAX_WORLDLANGUAGES_BRUNEI;TAX_WORLDLANGUAGES_BRUNEI;TAX_WORLDLANGUAGES_BRUNEI;TAX_WORLDLANGUAGES_BRUNEI;CRISISLEX_C07_SAFETY;UNGP_FORESTS_RIVERS_OCEANS;", "mentionednames":"", "OBJECTID":1102}}