{"type":"Feature", "geometry":{"type":"Point", "coordinates":[26.9833, 48.0333]}, "properties":{"urlpubtimedate":"2017-05-24T06:00:00Z", "name":"Timis, Romania (General), Romania", "urltone":-4.01, "domain":"ziarelive.ro", "urllangcode":"ron", "urlsocialimage":"http://static.ziarelive.ro/images/stories/2017-05/206/greva-din-cauza-legii-salarizarii-oamenii-sunt-total-nemultumiti.jpg", "url":"http://www.ziarelive.ro/stiri/greva-din-cauza-legii-salarizarii-oamenii-sunt-total-nemultumiti.html", "geores":3, "mentionedthemes":";TAX_FNCACT_SENATORS;TAX_FNCACT_VICE_PRESIDENT;LEADER;TAX_FNCACT_PRESIDENT;USPEC_POLITICS_GENERAL1;TAX_FNCACT_SENATOR;LEADER;TAX_FNCACT_PRESIDENT;USPEC_POLITICS_GENERAL1;TAX_FNCACT_PRESIDENTS;EPU_POLICY_POLITICAL;TAX_FNCACT_EXECUTIVE;", "mentionednames":";Commission_Legal_Of_Room_Mps;Senate_Start;", "OBJECTID":1103}}