{"type":"Feature", "geometry":{"type":"Point", "coordinates":[26.9833, 48.0333]}, "properties":{"urlpubtimedate":"2017-05-24T06:00:00Z", "name":"Timis, Romania (General), Romania", "urltone":-4.01, "domain":"ziarelive.ro", "urllangcode":"ron", "urlsocialimage":"http://static.ziarelive.ro/images/stories/2017-05/206/greva-din-cauza-legii-salarizarii-oamenii-sunt-total-nemultumiti.jpg", "url":"http://www.ziarelive.ro/stiri/greva-din-cauza-legii-salarizarii-oamenii-sunt-total-nemultumiti.html", "geores":3, "mentionedthemes":";TAX_FNCACT_REPRESENTATIVES;CONFISCATION;WB_569_HYDROMET_SERVICES;WB_568_CLIMATE_SERVICES;WB_567_CLIMATE_CHANGE;ECON_CURRENCY_EXCHANGE_RATE;EPU_CATS_SOVEREIGN_DEBT_CURRENCY_CRISES;ELECTION;ELECTION;", "mentionednames":";Craiova_Brasov;Exchange_Rate_Course_Currency_Of_May;Representatives_Office_Election;", "OBJECTID":1104}}