{"type":"Feature", "geometry":{"type":"Point", "coordinates":[26.1, 44.4333]}, "properties":{"urlpubtimedate":"2017-05-24T06:00:00Z", "name":"Bucharest, Bucuresti, Romania", "urltone":-4.01, "domain":"ziarelive.ro", "urllangcode":"ron", "urlsocialimage":"http://static.ziarelive.ro/images/stories/2017-05/206/greva-din-cauza-legii-salarizarii-oamenii-sunt-total-nemultumiti.jpg", "url":"http://www.ziarelive.ro/stiri/greva-din-cauza-legii-salarizarii-oamenii-sunt-total-nemultumiti.html", "geores":3, "mentionedthemes":";ECON_UNIONS;TAX_ETHNICITY_JAPANESE;TAX_WORLDLANGUAGES_JAPANESE;WB_696_PUBLIC_SECTOR_MANAGEMENT;WB_723_PUBLIC_ADMINISTRATION;TAX_FNCACT_EMPLOYEES;TAX_FNCACT_EMPLOYEES;WB_856_WAGES;WB_1654_ACTIVE_LABOR_MARKET_POLICIES;WB_855_LABOR_MARKETS;WB_697_SOCIAL_PROTECTION_AND_LABOR;LEGISLATION;EPU_POLICY_LAW;", "mentionednames":"", "OBJECTID":1105}}