{"type":"Feature", "geometry":{"type":"Point", "coordinates":[18.5, -12.5]}, "properties":{"urlpubtimedate":"2017-05-24T06:00:00Z", "name":"Angola", "urltone":-1.92, "domain":"unitaangola.org", "urllangcode":"por", "urlsocialimage":"", "url":"http://www.unitaangola.org/PT/affiartinouv4.awp?pArticle=11981&AWPIDA93CD5D0=EB72A8516454E53F7672D9D1F195936B5160F35B", "geores":1, "mentionedthemes":";CRISISLEX_CRISISLEXREC;UNGP_FORESTS_RIVERS_OCEANS;EPU_ECONOMY;EPU_ECONOMY_HISTORIC;ECON_OILPRICE;ENV_OIL;ENV_OIL;WB_1921_PRIVATE_SECTOR_DEVELOPMENT;WB_346_COMPETITIVE_INDUSTRIES;WB_818_INDUSTRY_POLICY_AND_REAL_SECTORS;WB_1281_MANUFACTURING;USPEC_POLICY1;EPU_POLICY_POLICY;", "mentionednames":"", "OBJECTID":111}}