{"type":"Feature", "geometry":{"type":"Point", "coordinates":[17, 25]}, "properties":{"urlpubtimedate":"2017-05-24T06:00:00Z", "name":"Libya", "urltone":-7.51, "domain":"revolutionradio.org", "urllangcode":"eng", "urlsocialimage":"", "url":"http://revolutionradio.org/?p=173657", "geores":1, "mentionedthemes":";GENERAL_GOVERNMENT;EPU_POLICY_GOVERNMENT;GENERAL_GOVERNMENT;EPU_POLICY_GOVERNMENT;EPU_CATS_MIGRATION_FEAR_FEAR;EPU_CATS_NATIONAL_SECURITY;TAX_TERROR_GROUP_LIBYAN_ISLAMIC_FIGHTING_GROUP;ACT_YIELD;SOC_POINTSOFINTEREST_PRISON;WB_2495_DETENTION_PRISON_AND_CORRECTIONS_REFORM;WB_2470_PEACE_OPERATIONS_AND_CONFLICT_MANAGEMENT;WB_2432_FRAGILITY_CONFLICT_AND_VIOLENCE;WB_2490_NATIONAL_PROTECTION_AND_SECURITY;TAX_RELIGION_ISLAMIC;TAX_RELIGION_ISLAMIC;TAX_TERROR_GROUP_ISLAMIC_STATE;USPEC_POLITICS_GENERAL1;TAX_RELIGION_MOSQUE;", "mentionednames":";Richard_Barett;Libyan_Islamic_Fighting_Group;", "OBJECTID":1111}}