{"type":"Feature", "geometry":{"type":"Point", "coordinates":[17, 25]}, "properties":{"urlpubtimedate":"2017-05-24T06:00:00Z", "name":"Libya", "urltone":-7.51, "domain":"revolutionradio.org", "urllangcode":"eng", "urlsocialimage":"", "url":"http://revolutionradio.org/?p=173657", "geores":1, "mentionedthemes":";EPU_CATS_MIGRATION_FEAR_FEAR;EPU_CATS_NATIONAL_SECURITY;EPU_CATS_MIGRATION_FEAR_FEAR;EPU_CATS_NATIONAL_SECURITY;TAX_TERROR_GROUP_LIBYAN_ISLAMIC_FIGHTING_GROUP;CRISISLEX_C07_SAFETY;TAX_RELIGION_ISLAMIC;TAX_RELIGION_ISLAMIC;UNGP_FORESTS_RIVERS_OCEANS;CLAIM_CREDIT;ACT_MAKESTATEMENT;TAX_TERROR_GROUP_ISIS;TAX_TERROR_GROUP_ISIS;TAX_MILITARY_TITLE_COLONEL;TAX_FNCACT_COLONEL;", "mentionednames":";Muammar_Gaddafi;Libyan_Islamic_Fighting_Group;", "OBJECTID":1112}}