{"type":"Feature", "geometry":{"type":"Point", "coordinates":[-121.494, 38.5816]}, "properties":{"urlpubtimedate":"2017-05-24T06:00:00Z", "name":"Sacramento, California, United States", "urltone":-4.71, "domain":"wthr.com", "urllangcode":"eng", "urlsocialimage":"http://www.wthr.com/sites/wthr.com/files/field/image/cheese-death.jpg", "url":"http://www.wthr.com/article/cheese-blamed-in-deadly-botulism-outbreak", "geores":3, "mentionedthemes":";CRISISLEX_CRISISLEXREC;EPU_CATS_REGULATION;USPEC_POLICY1;EPU_POLICY_POLICY;KILL;CRISISLEX_T02_INJURED;CRISISLEX_T03_DEAD;TAX_DISEASE_OUTBREAK;WB_2165_HEALTH_EMERGENCIES;WB_2166_HEALTH_EMERGENCY_PREPAREDNESS_AND_DISASTER_RESPONSE;WB_2167_PANDEMICS;TAX_DISEASE_OUTBREAK;WB_2165_HEALTH_EMERGENCIES;WB_2166_HEALTH_EMERGENCY_PREPAREDNESS_AND_DISASTER_RESPONSE;WB_2167_PANDEMICS;TAX_DISEASE_OUTBREAK;WB_2165_HEALTH_EMERGENCIES;WB_2166_HEALTH_EMERGENCY_PREPAREDNESS_AND_DISASTER_RESPONSE;WB_2167_PANDEMICS;WB_1921_PRIVATE_SECTOR_DEVELOPMENT;WB_405_BUSINESS_CLIMATE;WB_2531_INSPECTIONS_LICENSING_AND_PERMITS;WB_2530_BUSINESS_ENVIRONMENT;TAX_DISEASE_BOTULISM;TAX_DISEASE_BOTULISM;AFFECT;SICKENED;", "mentionednames":";Terms_Of_Service;", "OBJECTID":1116}}