{"type":"Feature", "geometry":{"type":"Point", "coordinates":[-121.494, 38.5816]}, "properties":{"urlpubtimedate":"2017-05-24T06:00:00Z", "name":"Sacramento, California, United States", "urltone":-4.71, "domain":"wthr.com", "urllangcode":"eng", "urlsocialimage":"http://www.wthr.com/sites/wthr.com/files/field/image/cheese-death.jpg", "url":"http://www.wthr.com/article/cheese-blamed-in-deadly-botulism-outbreak", "geores":3, "mentionedthemes":";TRIAL;SOC_POINTSOFINTEREST_HOSPITAL;CRISISLEX_C03_WELLBEING_HEALTH;WOUND;GENERAL_HEALTH;MEDICAL;CRISISLEX_T11_UPDATESSYMPATHY;TAX_FNCACT_CEO;TAX_DISEASE_BOTULISM;TAX_FNCACT_MANUFACTURER;TAX_FNCACT_OFFICIALS;TAX_FNCACT_MAN;", "mentionednames":";Lavinia_Kelly;", "OBJECTID":1117}}