{"type":"Feature", "geometry":{"type":"Point", "coordinates":[-121.512, 38.2421]}, "properties":{"urlpubtimedate":"2017-05-24T06:00:00Z", "name":"Walnut Grove, California, United States", "urltone":-4.71, "domain":"wthr.com", "urllangcode":"eng", "urlsocialimage":"http://www.wthr.com/sites/wthr.com/files/field/image/cheese-death.jpg", "url":"http://www.wthr.com/article/cheese-blamed-in-deadly-botulism-outbreak", "geores":3, "mentionedthemes":";SOC_POINTSOFINTEREST_HOSPITAL;CRISISLEX_C03_WELLBEING_HEALTH;WOUND;KILL;CRISISLEX_T02_INJURED;CRISISLEX_T03_DEAD;GENERAL_HEALTH;MEDICAL;TAX_DISEASE_OUTBREAK;WB_2165_HEALTH_EMERGENCIES;WB_2166_HEALTH_EMERGENCY_PREPAREDNESS_AND_DISASTER_RESPONSE;WB_2167_PANDEMICS;TAX_DISEASE_OUTBREAK;WB_2165_HEALTH_EMERGENCIES;WB_2166_HEALTH_EMERGENCY_PREPAREDNESS_AND_DISASTER_RESPONSE;WB_2167_PANDEMICS;TAX_DISEASE_BOTULISM;TAX_DISEASE_BOTULISM;TAX_FNCACT_OFFICIALS;TAX_FNCACT_MAN;AFFECT;SICKENED;", "mentionednames":";Lavinia_Kelly;", "OBJECTID":1118}}