{"type":"Feature", "geometry":{"type":"Point", "coordinates":[106, 16]}, "properties":{"urlpubtimedate":"2017-05-24T06:00:00Z", "name":"Vietnam", "urltone":-3.55, "domain":"datviet.com", "urllangcode":"vie", "urlsocialimage":"", "url":"http://www.datviet.com/ngan-sach-danh-cho-phuc-loi-cong-quyen/", "geores":1, "mentionedthemes":";WB_135_TRANSPORT;CRISISLEX_C04_LOGISTICS_TRANSPORT;WB_137_WATER;TAX_FNCACT_MINISTERS;WB_507_ENERGY_AND_EXTRACTIVES;WB_895_MINING_SYSTEMS;WB_2934_COPPER;WB_1699_METAL_ORE_MINING;", "mentionednames":"", "OBJECTID":1121}}