{"type":"Feature", "geometry":{"type":"Point", "coordinates":[-0.8037, 46.7196]}, "properties":{"urlpubtimedate":"2017-05-24T06:00:00Z", "name":"Reaumur, Pays De La Loire, France", "urltone":3.39, "domain":"ouest-france.fr", "urllangcode":"fra", "urlsocialimage":"http://www.ouest-france.fr/sites/default/files/styles/image-900x500/public/2017/05/23/reaumur-une-garden-party-pour-lancer-la-saison-touristique.jpg?itok=GeWQccTa", "url":"http://www.ouest-france.fr/pays-de-la-loire/reaumur-85700/reaumur-une-garden-party-pour-lancer-la-saison-touristique-5012313", "geores":3, "mentionedthemes":";TOURISM;TAX_FNCACT_TOURIST;TOURISM;TAX_FNCACT_TOURIST;USPEC_POLITICS_GENERAL1;USPEC_POLITICS_GENERAL1;TAX_FNCACT_TOURISTS;", "mentionednames":";A_Garden_Party;A_Garden_Party;", "OBJECTID":1123}}