{"type":"Feature", "geometry":{"type":"Point", "coordinates":[-2, 54]}, "properties":{"urlpubtimedate":"2017-05-24T06:00:00Z", "name":"United Kingdom", "urltone":5.05, "domain":"indiatimes.com", "urllangcode":"eng", "urlsocialimage":"http://economictimes.indiatimes.com/thumb/msid-58819312,width-600,resizemode-4,imglength-164762/magazines/panache/unicef-chief-on-roger-moore-the-world-has-lost-one-of-its-great-champions-for-children/roger-moore-reuters.jpg", "url":"http://articles.economictimes.indiatimes.com/magazines/panache/the-world-has-lost-one-of-its-great-champions-for-children-unicef-chief-on-roger-moore/articleshow/58819268.cms", "geores":1, "mentionedthemes":";TAX_FNCACT_EXECUTIVE_DIRECTOR;TAX_FNCACT_DIRECTOR;TAX_FNCACT_CHIEF;TAX_FNCACT_EXECUTIVE;TAX_FNCACT_ACTOR;TAX_FNCACT_CHAMPIONS;TAX_FNCACT_CHAMPIONS;TAX_FNCACT_CHAMPIONS;TAX_AIDGROUPS_UNICEF;TAX_AIDGROUPS_UNICEF;CRISISLEX_CRISISLEXREC;ECON_DEVELOPMENTORGS_UNITED_NATIONS_CHILDREN_FUND;TAX_AIDGROUPS_UNITED_NATIONS_CHILDREN_FUND;TAX_FNCACT_AMBASSADOR;TAX_FNCACT_CHILDREN;TAX_FNCACT_CHILDREN;TAX_FNCACT_CHILDREN;", "mentionednames":";Roger_Moore;Roger_Moore;Roger_Moore;Anthony_Lake;United_Nations_Children_Fund_Unicef;United_Nations;United_Nations;", "OBJECTID":1125}}