{"type":"Feature", "geometry":{"type":"Point", "coordinates":[8, 47]}, "properties":{"urlpubtimedate":"2017-05-24T06:00:00Z", "name":"Switzerland", "urltone":5.05, "domain":"indiatimes.com", "urllangcode":"eng", "urlsocialimage":"http://economictimes.indiatimes.com/thumb/msid-58819312,width-600,resizemode-4,imglength-164762/magazines/panache/unicef-chief-on-roger-moore-the-world-has-lost-one-of-its-great-champions-for-children/roger-moore-reuters.jpg", "url":"http://articles.economictimes.indiatimes.com/magazines/panache/the-world-has-lost-one-of-its-great-champions-for-children-unicef-chief-on-roger-moore/articleshow/58819268.cms", "geores":1, "mentionedthemes":";KILL;CRISISLEX_T03_DEAD;TAX_FNCACT_LADY;TAX_DISEASE_CANCER;WB_1406_DISEASES;WB_1431_CANCER;WB_621_HEALTH_NUTRITION_AND_POPULATION;WB_1427_NON_COMMUNICABLE_DISEASE_AND_INJURY;GENERAL_GOVERNMENT;TAX_FNCACT_CHILDREN;", "mentionednames":";Lady_Kristina;Roger_Moore;James_Bond;James_Bond;", "OBJECTID":1127}}