{"type":"Feature", "geometry":{"type":"Point", "coordinates":[105, 35]}, "properties":{"urlpubtimedate":"2017-05-24T06:00:00Z", "name":"China", "urltone":-6.55, "domain":"shm.com.cn", "urllangcode":"zho", "urlsocialimage":"", "url":"http://news.shm.com.cn/2017-05/24/content_4614603.htm", "geores":1, "mentionedthemes":";WB_168_ROADS_AND_HIGHWAYS;WB_135_TRANSPORT;WB_1809_HIGHWAYS;WB_1803_TRANSPORT_INFRASTRUCTURE;EPU_ECONOMY_HISTORIC;TAX_FNCACT_OFFICIAL;WB_1921_PRIVATE_SECTOR_DEVELOPMENT;WB_405_BUSINESS_CLIMATE;WB_2531_INSPECTIONS_LICENSING_AND_PERMITS;WB_2530_BUSINESS_ENVIRONMENT;WB_1921_PRIVATE_SECTOR_DEVELOPMENT;WB_405_BUSINESS_CLIMATE;WB_2531_INSPECTIONS_LICENSING_AND_PERMITS;WB_2530_BUSINESS_ENVIRONMENT;", "mentionednames":";Yantai_Daily_Group_Yantai_Nebula;", "OBJECTID":1134}}