{"type":"Feature", "geometry":{"type":"Point", "coordinates":[18.5, -12.5]}, "properties":{"urlpubtimedate":"2017-05-24T06:00:00Z", "name":"Angola", "urltone":-1.92, "domain":"unitaangola.org", "urllangcode":"por", "urlsocialimage":"", "url":"http://www.unitaangola.org/PT/affiartinouv4.awp?pArticle=11981&AWPIDA93CD5D0=EB72A8516454E53F7672D9D1F195936B5160F35B", "geores":1, "mentionedthemes":";MEDIA_MSM;WB_678_DIGITAL_GOVERNMENT;WB_694_BROADCAST_AND_MEDIA;WB_133_INFORMATION_AND_COMMUNICATION_TECHNOLOGIES;GENERAL_GOVERNMENT;EPU_POLICY_GOVERNMENT;SOC_GENERALCRIME;EPU_CATS_MIGRATION_FEAR_FEAR;CRISISLEX_C03_WELLBEING_HEALTH;CRISISLEX_T02_INJURED;TAX_FNCACT_WORKERS;AFFECT;", "mentionednames":"", "OBJECTID":115}}