{"type":"Feature", "geometry":{"type":"Point", "coordinates":[34.75, 31.5]}, "properties":{"urlpubtimedate":"2017-05-24T06:00:00Z", "name":"Israel", "urltone":0.85, "domain":"peiner-nachrichten.de", "urllangcode":"deu", "urlsocialimage":"http://www.peiner-nachrichten.de/img/politik/crop210681151/3902604641-w820-cv16_9-q85/14957000EA27B29E.jpg", "url":"http://www.peiner-nachrichten.de/politik/article210681155/Papst-Franziskus-empfaengt-Praesident-Trump-zu-Audienz.html", "geores":1, "mentionedthemes":";TAX_FNCACT_POPE;TAX_FNCACT_POPE;TAX_FNCACT_POPE;TAX_FNCACT_POPE;TAX_FNCACT_POPE;TAX_POLITICAL_PARTY_REPUBLICANS;LEADER;TAX_FNCACT_PRESIDENT;USPEC_POLITICS_GENERAL1;LEADER;TAX_FNCACT_PRESIDENT;USPEC_POLITICS_GENERAL1;LEADER;TAX_FNCACT_PRESIDENT;USPEC_POLITICS_GENERAL1;USPEC_POLICY1;EPU_POLICY_POLICY;", "mentionednames":";Pope_Francis;Pope_Francis;Pope_Francis;Pope_Francis;", "OBJECTID":1158}}