{"type":"Feature", "geometry":{"type":"Point", "coordinates":[18.5, -12.5]}, "properties":{"urlpubtimedate":"2017-05-24T06:00:00Z", "name":"Angola", "urltone":-1.92, "domain":"unitaangola.org", "urllangcode":"por", "urlsocialimage":"", "url":"http://www.unitaangola.org/PT/affiartinouv4.awp?pArticle=11981&AWPIDA93CD5D0=EB72A8516454E53F7672D9D1F195936B5160F35B", "geores":1, "mentionedthemes":";EPU_CATS_NATIONAL_SECURITY;CRISISLEX_CRISISLEXREC;CRISISLEX_CRISISLEXREC;CRISISLEX_CRISISLEXREC;UNGP_FORESTS_RIVERS_OCEANS;URBAN;ECON_OILPRICE;ENV_OIL;WB_405_BUSINESS_CLIMATE;WB_2531_INSPECTIONS_LICENSING_AND_PERMITS;WB_2530_BUSINESS_ENVIRONMENT;ECON_MIDDLECLASS;WB_1153_MIDDLE_CLASS;WB_1152_ECONOMIC_AND_SOCIAL_MOBILITY;WB_707_POVERTY_MEASUREMENT_AND_ANALYSIS;", "mentionednames":"", "OBJECTID":116}}