{"type":"Feature", "geometry":{"type":"Point", "coordinates":[77.2, 28.6]}, "properties":{"urlpubtimedate":"2017-05-24T06:00:00Z", "name":"New Delhi, Delhi, India", "urltone":3.21, "domain":"em.com.br", "urllangcode":"por", "urlsocialimage":"", "url":"http://www.em.com.br/app/noticia/internacional/2017/05/24/interna_internacional,871363/press-release-from-business-wire-taboola.shtml", "geores":3, "mentionedthemes":";TAX_FNCACT_ADVERTISERS;TAX_FNCACT_EDITORS;TAX_FNCACT_EDITORS;SOC_INNOVATION;UNGP_FORESTS_RIVERS_OCEANS;", "mentionednames":"", "OBJECTID":1162}}