{"type":"Feature", "geometry":{"type":"Point", "coordinates":[150.9, -34.4]}, "properties":{"urlpubtimedate":"2017-05-24T06:00:00Z", "name":"Balgownie, New South Wales, Australia", "urltone":-18.03, "domain":"northernargus.com.au", "urllangcode":"eng", "urlsocialimage":"http://nnimgt-a.akamaihd.net/transform/v1/crop/frm/GJZ5TVpAk84wrTzsQfLQRB/9e36445f-de55-4216-b091-118ce87912bd.jpg/r5_0_1915_1079_w1200_h678_fmax.jpg", "url":"http://www.northernargus.com.au/story/4684256/accused-killer-revealed-where-body-was-buried-police/?cs=2452", "geores":3, "mentionedthemes":";KIDNAP;KILL;SOC_GENERALCRIME;TRIAL;SECURITY_SERVICES;TAX_FNCACT_POLICE;CRISISLEX_C07_SAFETY;SECURITY_SERVICES;TAX_FNCACT_POLICE;CRISISLEX_C07_SAFETY;SECURITY_SERVICES;TAX_FNCACT_POLICE;CRISISLEX_C07_SAFETY;TAX_FNCACT_MAN;TAX_FNCACT_MAN;TAX_FNCACT_MAN;TAX_FNCACT_MAGISTRATE;TAX_FNCACT_KILLER;", "mentionednames":";Wollongong_Local_Court_On;", "OBJECTID":1166}}