{"type":"Feature", "geometry":{"type":"Point", "coordinates":[108.345, 34.6772]}, "properties":{"urlpubtimedate":"2017-05-24T06:00:00Z", "name":"Sujia, Shaanxi, China", "urltone":2.46, "domain":"udn.com", "urllangcode":"zho", "urlsocialimage":"https://uc.udn.com.tw/photo/2017/05/24/realtime/3552206.jpg", "url":"https://udn.com/news/story/7325/2481821", "geores":3, "mentionedthemes":";EPU_POLICY_GOVERNMENT;TAX_FNCACT_DEPUTY;TAX_FNCACT_DIRECTOR;TAX_FNCACT_DIRECTOR;WB_1921_PRIVATE_SECTOR_DEVELOPMENT;WB_769_INVESTMENT_POLICY;USPEC_POLICY1;EPU_POLICY_POLICY;EPU_ECONOMY_HISTORIC;EPU_ECONOMY_HISTORIC;TAX_WORLDMAMMALS_DEER;GENERAL_GOVERNMENT;LEGISLATION;EPU_POLICY_LAW;", "mentionednames":";Hong_Kong_Akira;Industry_Development;Legislature_To_Sujia;", "OBJECTID":1167}}