{"type":"Feature", "geometry":{"type":"Point", "coordinates":[18.5, -12.5]}, "properties":{"urlpubtimedate":"2017-05-24T06:00:00Z", "name":"Angola", "urltone":-1.92, "domain":"unitaangola.org", "urllangcode":"por", "urlsocialimage":"", "url":"http://www.unitaangola.org/PT/affiartinouv4.awp?pArticle=11981&AWPIDA93CD5D0=EB72A8516454E53F7672D9D1F195936B5160F35B", "geores":1, "mentionedthemes":";WB_137_WATER;TAX_DISEASE_DISEASES;WB_1406_DISEASES;UNGP_HEALTHCARE;TAX_DISEASE_MALARIA;WB_1415_COMMUNICABLE_DISEASE;WB_1420_MALARIA;TAX_DISEASE_CHOLERA;WB_1331_HEALTH_TECHNOLOGIES;WB_2453_ORGANIZED_CRIME;WB_1350_PHARMACEUTICALS;WB_2433_CONFLICT_AND_VIOLENCE;WB_2456_DRUGS_AND_NARCOTICS;WB_566_ENVIRONMENT_AND_NATURAL_RESOURCES;WB_1777_FORESTS;WB_590_ECOSYSTEMS;CRISISLEX_T11_UPDATESSYMPATHY;TAX_FNCACT_CHAIRMAN;TAX_FNCACT_CHAIRMAN;SOC_POINTSOFINTEREST_HOSPITALS;UNEMPLOYMENT;WB_2747_UNEMPLOYMENT;UNGP_JOB_OPPORTUNITIES_EMPLOYMENT;WB_2745_JOB_QUALITY_AND_LABOR_MARKET_PERFORMANCE;WB_2670_JOBS;WB_2689_JOBS_DIAGNOSTICS;WB_2748_EMPLOYMENT;BAN;", "mentionednames":"", "OBJECTID":117}}