{"type":"Feature", "geometry":{"type":"Point", "coordinates":[120.491, 23.9536]}, "properties":{"urlpubtimedate":"2017-05-24T06:00:00Z", "name":"Changhua County, Zhanghua Xian, Taiwan", "urltone":2.46, "domain":"udn.com", "urllangcode":"zho", "urlsocialimage":"https://uc.udn.com.tw/photo/2017/05/24/realtime/3552206.jpg", "url":"https://udn.com/news/story/7325/2481821", "geores":2, "mentionedthemes":";EPU_ECONOMY_HISTORIC;GENERAL_GOVERNMENT;LEGISLATION;EPU_POLICY_LAW;", "mentionednames":";Legislature_To_Sujia;", "OBJECTID":1170}}