{"type":"Feature", "geometry":{"type":"Point", "coordinates":[-75.5148, 39.3498]}, "properties":{"urlpubtimedate":"2017-05-24T06:00:00Z", "name":"Delaware, United States", "urltone":3.57, "domain":"fox14tv.com", "urllangcode":"eng", "urlsocialimage":"http://images.worldnow.com/AP/images/13963641_G.jpg", "url":"http://www.fox14tv.com/story/35502698/joe-biden-to-give-class-day-address-at-harvard", "geores":2, "mentionedthemes":";MEDIA_SOCIAL;TAX_FNCACT_VICE_PRESIDENT;LEADER;TAX_FNCACT_PRESIDENT;USPEC_POLITICS_GENERAL1;TAX_FNCACT_CEO;EDUCATION;SOC_POINTSOFINTEREST_UNIVERSITY;EDUCATION;SOC_POINTSOFINTEREST_UNIVERSITY;TAX_FNCACT_FOUNDER;TAX_POLITICAL_PARTY_DEMOCRAT;TAX_FNCACT_STUDENTS;USPEC_POLICY1;EPU_POLICY_POLICY;TAX_FNCACT_SENATOR;", "mentionednames":";Barack_Obama;Mark_Zuckerberg;University_Of_Pennsylvania;University_Of_Delaware;", "OBJECTID":1172}}