{"type":"Feature", "geometry":{"type":"Point", "coordinates":[-75.1935, 39.9509]}, "properties":{"urlpubtimedate":"2017-05-24T06:00:00Z", "name":"University Of Pennsylvania, Pennsylvania, United States", "urltone":3.57, "domain":"fox14tv.com", "urllangcode":"eng", "urlsocialimage":"http://images.worldnow.com/AP/images/13963641_G.jpg", "url":"http://www.fox14tv.com/story/35502698/joe-biden-to-give-class-day-address-at-harvard", "geores":3, "mentionedthemes":";TAX_FNCACT_VICE_PRESIDENT;LEADER;TAX_FNCACT_PRESIDENT;USPEC_POLITICS_GENERAL1;EDUCATION;SOC_POINTSOFINTEREST_UNIVERSITY;EDUCATION;SOC_POINTSOFINTEREST_UNIVERSITY;TAX_POLITICAL_PARTY_DEMOCRAT;TAX_FNCACT_STUDENTS;USPEC_POLICY1;EPU_POLICY_POLICY;TAX_FNCACT_SENATOR;", "mentionednames":";Barack_Obama;University_Of_Pennsylvania;University_Of_Delaware;", "OBJECTID":1173}}