{"type":"Feature", "geometry":{"type":"Point", "coordinates":[0.1167, 52.2]}, "properties":{"urlpubtimedate":"2017-05-24T06:00:00Z", "name":"Cambridge, Cambridgeshire, United Kingdom", "urltone":3.57, "domain":"fox14tv.com", "urllangcode":"eng", "urlsocialimage":"http://images.worldnow.com/AP/images/13963641_G.jpg", "url":"http://www.fox14tv.com/story/35502698/joe-biden-to-give-class-day-address-at-harvard", "geores":3, "mentionedthemes":";WB_2433_CONFLICT_AND_VIOLENCE;WB_2465_REVOLUTIONARY_VIOLENCE;WB_2432_FRAGILITY_CONFLICT_AND_VIOLENCE;WB_2462_POLITICAL_VIOLENCE_AND_WAR;TAX_FNCACT_VICE_PRESIDENT;LEADER;TAX_FNCACT_PRESIDENT;USPEC_POLITICS_GENERAL1;TAX_FNCACT_VICE_PRESIDENT;LEADER;TAX_FNCACT_PRESIDENT;USPEC_POLITICS_GENERAL1;EDUCATION;SOC_POINTSOFINTEREST_UNIVERSITY;TAX_POLITICAL_PARTY_DEMOCRAT;TAX_ETHNICITY_AMERICAN;TAX_FNCACT_SENATOR;", "mentionednames":";Matt_Rourke;Joe_Biden;Joe_Biden;Harvard_University;Museum_Of_The_American_Revolution;", "OBJECTID":1174}}