{"type":"Feature", "geometry":{"type":"Point", "coordinates":[87.3333, 22.3333]}, "properties":{"urlpubtimedate":"2017-05-24T06:00:00Z", "name":"Kharagpur, West Bengal, India", "urltone":0.93, "domain":"netindia123.com", "urllangcode":"eng", "urlsocialimage":"", "url":"http://www.netindia123.com/netindia/showdetails.asp?id=3112291&n_date=20170523&cat=India", "geores":3, "mentionedthemes":";TAX_FNCACT_STUDENTS;TAX_FNCACT_STUDENTS;EDUCATION;WB_470_EDUCATION;", "mentionednames":"", "OBJECTID":1177}}