{"type":"Feature", "geometry":{"type":"Point", "coordinates":[77.2167, 28.6667]}, "properties":{"urlpubtimedate":"2017-05-24T06:00:00Z", "name":"Delhi, Delhi, India", "urltone":0.93, "domain":"netindia123.com", "urllangcode":"eng", "urlsocialimage":"", "url":"http://www.netindia123.com/netindia/showdetails.asp?id=3112291&n_date=20170523&cat=India", "geores":3, "mentionedthemes":";GENERAL_GOVERNMENT;EPU_POLICY_GOVERNMENT;TAX_FNCACT_STUDENTS;TAX_FNCACT_MINISTER;TAX_FNCACT_CHIEF;EDUCATION;WB_470_EDUCATION;WB_1606_SCHOLARSHIPS;WB_1608_CASH_TRANSFERS;WB_1466_SOCIAL_ASSISTANCE;WB_1603_FEE_WAIVERS;WB_697_SOCIAL_PROTECTION_AND_LABOR;", "mentionednames":";Arvind_Kejriwal;", "OBJECTID":1182}}