{"type":"Feature", "geometry":{"type":"Point", "coordinates":[77.2167, 28.6667]}, "properties":{"urlpubtimedate":"2017-05-24T06:00:00Z", "name":"Delhi, Delhi, India", "urltone":0.93, "domain":"netindia123.com", "urllangcode":"eng", "urlsocialimage":"", "url":"http://www.netindia123.com/netindia/showdetails.asp?id=3112291&n_date=20170523&cat=India", "geores":3, "mentionedthemes":";GENERAL_GOVERNMENT;EPU_POLICY_GOVERNMENT;GENERAL_GOVERNMENT;EPU_POLICY_GOVERNMENT;GENERAL_GOVERNMENT;EPU_POLICY_GOVERNMENT;GENERAL_GOVERNMENT;EPU_POLICY_GOVERNMENT;GENERAL_GOVERNMENT;EPU_POLICY_GOVERNMENT;WB_498_EDUCATION_FINANCE;WB_1540_ECONOMICS_OF_EDUCATION;WB_1490_PRIVATE_EDUCATION;SOC_POINTSOFINTEREST_SCHOOLS;WB_498_EDUCATION_FINANCE;WB_1540_ECONOMICS_OF_EDUCATION;WB_1490_PRIVATE_EDUCATION;SOC_POINTSOFINTEREST_SCHOOLS;TAX_FNCACT_STUDENT;SOC_POINTSOFINTEREST_SCHOOLS;SOC_POINTSOFINTEREST_SCHOOLS;EDUCATION;WB_470_EDUCATION;EDUCATION;WB_470_EDUCATION;", "mentionednames":"", "OBJECTID":1184}}