{"type":"Feature", "geometry":{"type":"Point", "coordinates":[77.2167, 28.6667]}, "properties":{"urlpubtimedate":"2017-05-24T06:00:00Z", "name":"Delhi, Delhi, India", "urltone":0.93, "domain":"netindia123.com", "urllangcode":"eng", "urlsocialimage":"", "url":"http://www.netindia123.com/netindia/showdetails.asp?id=3112291&n_date=20170523&cat=India", "geores":3, "mentionedthemes":";GENERAL_GOVERNMENT;EPU_POLICY_GOVERNMENT;GENERAL_GOVERNMENT;EPU_POLICY_GOVERNMENT;GENERAL_GOVERNMENT;EPU_POLICY_GOVERNMENT;SHORTAGE;EPU_CATS_REGULATION;SOC_POINTSOFINTEREST_SCHOOLS;CYBER_ATTACK;RECRUITMENT;TAX_DISEASE_HYPERTENSION;WB_1406_DISEASES;WB_1432_HYPERTENSION;WB_621_HEALTH_NUTRITION_AND_POPULATION;WB_1427_NON_COMMUNICABLE_DISEASE_AND_INJURY;TAX_WORLDMAMMALS_SUNI;", "mentionednames":";Suni_System_P_Ltd;", "OBJECTID":1185}}