{"type":"Feature", "geometry":{"type":"Point", "coordinates":[-79.7453, 34.1313]}, "properties":{"urlpubtimedate":"2017-05-24T06:00:00Z", "name":"Park City, South Carolina, United States", "urltone":-4.28, "domain":"parkrecord.com", "urllangcode":"eng", "urlsocialimage":"http://www.parkrecord.com/wp-content/uploads/2017/05/59318-0_sheriff~p1.jpg", "url":"http://www.parkrecord.com/news/summit-county/sheriffs-report-park-city-man-crashes-motorcycle-after-evading-law-enforcement/", "geores":3, "mentionedthemes":";TAX_FNCACT_SHERIFF;CRISISLEX_C07_SAFETY;TAX_FNCACT_SHERIFF;CRISISLEX_C07_SAFETY;CRISISLEX_CRISISLEXREC;SECURITY_SERVICES;WB_696_PUBLIC_SECTOR_MANAGEMENT;WB_840_JUSTICE;WB_1920_FINANCIAL_SECTOR_DEVELOPMENT;WB_328_FINANCIAL_INTEGRITY;WB_1014_CRIMINAL_JUSTICE;WB_2082_LAW_ENFORCEMENT;TAX_FNCACT_OFFICERS;TAX_FNCACT_SERGEANT;TAX_FNCACT_POLICE;MANMADE_DISASTER_IMPLIED;MANMADE_DISASTER_IMPLIED;TAX_FNCACT_MAN;TAX_FNCACT_MAN;LEGISLATION;EPU_POLICY_LAW;", "mentionednames":";Sheriff_Office;", "OBJECTID":1187}}