{"type":"Feature", "geometry":{"type":"Point", "coordinates":[18.5, -12.5]}, "properties":{"urlpubtimedate":"2017-05-24T06:00:00Z", "name":"Angola", "urltone":-1.92, "domain":"unitaangola.org", "urllangcode":"por", "urlsocialimage":"", "url":"http://www.unitaangola.org/PT/affiartinouv4.awp?pArticle=11981&AWPIDA93CD5D0=EB72A8516454E53F7672D9D1F195936B5160F35B", "geores":1, "mentionedthemes":";WATER_SECURITY;UNGP_CLEAN_WATER_SANITATION;WB_137_WATER;SANITATION;WB_139_SANITATION_AND_WASTEWATER;WB_2000_SANITATION;WB_1199_WATER_SUPPLY_AND_SANITATION;CRISISLEX_C06_WATER_SANITATION;GENERAL_HEALTH;MEDICAL;WB_387_VOCATIONAL_AND_TECHNICAL_TRAINING;WB_483_VOCATIONAL_EDUCATION_AND_TRAINING;WB_376_INNOVATION_TECHNOLOGY_AND_ENTREPRENEURSHIP;WB_385_HUMAN_CAPITAL_FOR_INNOVATION_AND_ENTREPRENEURSHIP;WB_478_LEVELS_OF_EDUCATION;EDUCATION;WB_470_EDUCATION;CRISISLEX_T11_UPDATESSYMPATHY;TAX_FNCACT_CHAIRMAN;TAX_FNCACT_CHAIRMAN;TAX_POLITICAL_PARTY_REPUBLICAN;USPEC_POLITICS_GENERAL1;WB_2745_JOB_QUALITY_AND_LABOR_MARKET_PERFORMANCE;WB_2670_JOBS;WB_2689_JOBS_DIAGNOSTICS;WB_2748_EMPLOYMENT;", "mentionednames":"", "OBJECTID":119}}