{"type":"Feature", "geometry":{"type":"Point", "coordinates":[-79.7453, 34.1313]}, "properties":{"urlpubtimedate":"2017-05-24T06:00:00Z", "name":"Park City, South Carolina, United States", "urltone":-4.28, "domain":"parkrecord.com", "urllangcode":"eng", "urlsocialimage":"http://www.parkrecord.com/wp-content/uploads/2017/05/59318-0_sheriff~p1.jpg", "url":"http://www.parkrecord.com/news/summit-county/sheriffs-report-park-city-man-crashes-motorcycle-after-evading-law-enforcement/", "geores":3, "mentionedthemes":";TAX_FNCACT_SHERIFF;CRISISLEX_C07_SAFETY;CRISISLEX_C03_WELLBEING_HEALTH;CRISISLEX_T02_INJURED;TAX_FNCACT_OFFICERS;GENERAL_HEALTH;WB_635_PUBLIC_HEALTH;WB_2165_HEALTH_EMERGENCIES;WB_1324_EMERGENCY_MEDICAL_SERVICES;MEDICAL;SOC_POINTSOFINTEREST_HOSPITAL;WB_1428_INJURY;WB_1406_DISEASES;WB_621_HEALTH_NUTRITION_AND_POPULATION;WB_1427_NON_COMMUNICABLE_DISEASE_AND_INJURY;TRIAL;TAX_FNCACT_ATTORNEY;WB_135_TRANSPORT;", "mentionednames":";Sheriff_Office;Summit_County_Attorney_Office;", "OBJECTID":1192}}