{"type":"Feature", "geometry":{"type":"Point", "coordinates":[-79.7453, 34.1313]}, "properties":{"urlpubtimedate":"2017-05-24T06:00:00Z", "name":"Park City, South Carolina, United States", "urltone":-4.28, "domain":"parkrecord.com", "urllangcode":"eng", "urlsocialimage":"http://www.parkrecord.com/wp-content/uploads/2017/05/59318-0_sheriff~p1.jpg", "url":"http://www.parkrecord.com/news/summit-county/sheriffs-report-park-city-man-crashes-motorcycle-after-evading-law-enforcement/", "geores":3, "mentionedthemes":";TAX_FNCACT_WOMAN;TAX_FNCACT_WOMAN;TAX_FNCACT_SHERIFF;CRISISLEX_C07_SAFETY;ARREST;SOC_GENERALCRIME;EPU_ECONOMY_HISTORIC;SOC_POINTSOFINTEREST_JAIL;MEDICAL;SOC_POINTSOFINTEREST_HOSPITAL;SOC_SUICIDE;TAX_FNCACT_PSYCHOLOGIST;WB_135_TRANSPORT;WB_135_TRANSPORT;TAX_FNCACT_MAN;TAX_FNCACT_MAN;TAX_FNCACT_MAN;", "mentionednames":";Sheriff_Office;", "OBJECTID":1193}}