{"type":"Feature", "geometry":{"type":"Point", "coordinates":[-80.9066, 33.8191]}, "properties":{"urlpubtimedate":"2017-05-24T06:00:00Z", "name":"South Carolina, United States", "urltone":-4.28, "domain":"parkrecord.com", "urllangcode":"eng", "urlsocialimage":"http://www.parkrecord.com/wp-content/uploads/2017/05/59318-0_sheriff~p1.jpg", "url":"http://www.parkrecord.com/news/summit-county/sheriffs-report-park-city-man-crashes-motorcycle-after-evading-law-enforcement/", "geores":2, "mentionedthemes":";CRIME_ILLEGAL_DRUGS;DRUG_TRADE;ARREST;SOC_GENERALCRIME;EPU_ECONOMY_HISTORIC;CRISISLEX_CRISISLEXREC;SECURITY_SERVICES;WB_696_PUBLIC_SECTOR_MANAGEMENT;WB_840_JUSTICE;WB_1920_FINANCIAL_SECTOR_DEVELOPMENT;WB_328_FINANCIAL_INTEGRITY;WB_1014_CRIMINAL_JUSTICE;WB_2082_LAW_ENFORCEMENT;WB_1331_HEALTH_TECHNOLOGIES;WB_2453_ORGANIZED_CRIME;WB_1350_PHARMACEUTICALS;WB_2433_CONFLICT_AND_VIOLENCE;WB_2432_FRAGILITY_CONFLICT_AND_VIOLENCE;WB_2456_DRUGS_AND_NARCOTICS;CORRUPTION;WB_2019_ANTI_CORRUPTION_LEGISLATION;WB_831_GOVERNANCE;WB_832_ANTI_CORRUPTION;WB_2020_BRIBERY_FRAUD_AND_COLLUSION;TAX_FNCACT_DRIVER;TAX_FNCACT_MAN;LEGISLATION;EPU_POLICY_LAW;TAX_FNCACT_OFFICIALS;", "mentionednames":"", "OBJECTID":1196}}