{"type":"Feature", "geometry":{"type":"Point", "coordinates":[32, 49]}, "properties":{"urlpubtimedate":"2017-05-24T06:00:00Z", "name":"Ukraine", "urltone":-1.07, "domain":"allkharkov.ua", "urllangcode":"rus", "urlsocialimage":"", "url":"https://allkharkov.ua/news/other/v-ykraine-hotiat-zapretit-dostyp-k-inforesyrsam-dnr-i-lnr.html", "geores":1, "mentionedthemes":";BAN;BAN;BAN;TAX_FNCACT_CHAIRMEN;TAX_FNCACT_VICE_CHAIRMEN;WB_2470_PEACE_OPERATIONS_AND_CONFLICT_MANAGEMENT;WB_2432_FRAGILITY_CONFLICT_AND_VIOLENCE;WB_2490_NATIONAL_PROTECTION_AND_SECURITY;EPU_CATS_NATIONAL_SECURITY;CRISISLEX_C07_SAFETY;UNGP_FORESTS_RIVERS_OCEANS;", "mentionednames":"", "OBJECTID":1198}}