{"type":"Feature", "geometry":{"type":"Point", "coordinates":[32, 49]}, "properties":{"urlpubtimedate":"2017-05-24T06:00:00Z", "name":"Ukraine", "urltone":-1.07, "domain":"allkharkov.ua", "urllangcode":"rus", "urlsocialimage":"", "url":"https://allkharkov.ua/news/other/v-ykraine-hotiat-zapretit-dostyp-k-inforesyrsam-dnr-i-lnr.html", "geores":1, "mentionedthemes":";BAN;TAX_FNCACT_CHAIRMEN;TAX_FNCACT_VICE_CHAIRMEN;TAX_FNCACT_SEPARATIST;SEPARATISTS;LEADER;TAX_FNCACT_PRESIDENT;USPEC_POLITICS_GENERAL1;USPEC_POLICY1;EPU_POLICY_POLICY;UNGP_FORESTS_RIVERS_OCEANS;TAX_ETHNICITY_UKRAINIAN;TAX_WORLDLANGUAGES_UKRAINIAN;MEDIA_MSM;", "mentionednames":"", "OBJECTID":1201}}