{"type":"Feature", "geometry":{"type":"Point", "coordinates":[100, 60]}, "properties":{"urlpubtimedate":"2017-05-24T06:00:00Z", "name":"Russia", "urltone":-1.07, "domain":"allkharkov.ua", "urllangcode":"rus", "urlsocialimage":"", "url":"https://allkharkov.ua/news/other/v-ykraine-hotiat-zapretit-dostyp-k-inforesyrsam-dnr-i-lnr.html", "geores":1, "mentionedthemes":";TAX_FNCACT_SEPARATIST;SEPARATISTS;WB_2474_DISARMAMENT_DEMOBILIZATION_REINTEGRATION;WB_932_DEMOBILISATION_DISARMAMENT_AND_REINTEGRATION;WB_738_SOCIAL_COHESION;WB_2471_PEACEKEEPING;WB_134_SOCIAL_DEVELOPMENT;CRISISLEX_C07_SAFETY;TAX_ETHNICITY_RUSSIAN;TAX_WORLDLANGUAGES_RUSSIAN;USPEC_POLICY1;EPU_POLICY_POLICY;USPEC_POLICY1;EPU_POLICY_POLICY;MEDIA_MSM;", "mentionednames":"", "OBJECTID":1203}}