{"type":"Feature", "geometry":{"type":"Point", "coordinates":[18.5, -12.5]}, "properties":{"urlpubtimedate":"2017-05-24T06:00:00Z", "name":"Angola", "urltone":-1.92, "domain":"unitaangola.org", "urllangcode":"por", "urlsocialimage":"", "url":"http://www.unitaangola.org/PT/affiartinouv4.awp?pArticle=11981&AWPIDA93CD5D0=EB72A8516454E53F7672D9D1F195936B5160F35B", "geores":1, "mentionedthemes":";EPU_CATS_NATIONAL_SECURITY;TAX_FNCACT_HEAD_OF_STATE;TAX_FNCACT_ENGINEER;CRISISLEX_T11_UPDATESSYMPATHY;TAX_FNCACT_CHAIRMAN;", "mentionednames":"", "OBJECTID":121}}