{"type":"Feature", "geometry":{"type":"Point", "coordinates":[112.995, -7.0694]}, "properties":{"urlpubtimedate":"2017-05-24T06:00:00Z", "name":"Lenteng, Jawa Timur, Indonesia", "urltone":0, "domain":"okezone.com", "urllangcode":"ind", "urlsocialimage":"https://img.okezone.com/content/2017/05/24/338/1698658/antisipasi-ulah-gangster-yang-meresahkan-warga-minta-jalan-lenteng-agung-dipasangi-cctv-Ni8XiROFQY.jpg", "url":"http://news.okezone.com/read/2017/05/24/338/1698658/antisipasi-ulah-gangster-yang-meresahkan-warga-minta-jalan-lenteng-agung-dipasangi-cctv", "geores":3, "mentionedthemes":";EPU_CATS_MIGRATION_FEAR_FEAR;TAX_FNCACT_CHILD;TAX_FNCACT_CHILD;ORGANIZED_CRIME;ORGANIZED_CRIME;ORGANIZED_CRIME;CRISISLEX_T11_UPDATESSYMPATHY;", "mentionednames":"", "OBJECTID":1210}}