{"type":"Feature", "geometry":{"type":"Point", "coordinates":[112.995, -7.0694]}, "properties":{"urlpubtimedate":"2017-05-24T06:00:00Z", "name":"Lenteng, Jawa Timur, Indonesia", "urltone":0, "domain":"okezone.com", "urllangcode":"ind", "urlsocialimage":"https://img.okezone.com/content/2017/05/24/338/1698658/antisipasi-ulah-gangster-yang-meresahkan-warga-minta-jalan-lenteng-agung-dipasangi-cctv-Ni8XiROFQY.jpg", "url":"http://news.okezone.com/read/2017/05/24/338/1698658/antisipasi-ulah-gangster-yang-meresahkan-warga-minta-jalan-lenteng-agung-dipasangi-cctv", "geores":3, "mentionedthemes":";MANMADE_DISASTER_IMPLIED;WB_168_ROADS_AND_HIGHWAYS;WB_135_TRANSPORT;WB_1809_HIGHWAYS;WB_1803_TRANSPORT_INFRASTRUCTURE;TAX_FNCACT_CHILD;TAX_FNCACT_CULPRIT;ORGANIZED_CRIME;SECURITY_SERVICES;TAX_FNCACT_POLICE;CRISISLEX_C07_SAFETY;KILL;CRISISLEX_T11_UPDATESSYMPATHY;", "mentionednames":"", "OBJECTID":1211}}