{"type":"Feature", "geometry":{"type":"Point", "coordinates":[4.3333, 50.8333]}, "properties":{"urlpubtimedate":"2017-05-24T06:00:00Z", "name":"Brussels, Bruxelles-Capitale, Belgium", "urltone":-3.33, "domain":"gva.be", "urllangcode":"nld", "urlsocialimage":"https://gvacdn.akamaized.net/Assets/Images_Upload/2017/05/24/5124deba-3992-11e7-8f8b-a73856baafb4_web_scale_0.0823142_0.0823142__.jpg", "url":"http://www.gva.be/cnt/dmf20170524_02896758/kazachgate-chodiev-dient-ook-klacht-in-tegen-commissievoorzitter-dirk-van-der-maelen", "geores":3, "mentionedthemes":";USPEC_POLITICS_GENERAL1;TAX_ETHNICITY_BELGIAN;", "mentionednames":"", "OBJECTID":1213}}