{"type":"Feature", "geometry":{"type":"Point", "coordinates":[-97.3208, 32.7254]}, "properties":{"urlpubtimedate":"2017-05-24T06:00:00Z", "name":"Fort Worth, Texas, United States", "urltone":6.57, "domain":"iheart.com", "urllangcode":"eng", "urlsocialimage":"http://i.iheart.com/v3/url/aHR0cHM6Ly9pLmloZWFydC5jb20vdjMvcmUvbmV3X2Fzc2V0cy81OTI0YTQ0NzExZTBjOTI3OTRhMmVmYjA=?ops=", "url":"http://wnoe.iheart.com/onair/cmt-cody-alan-54719/10-of-country-musics-cutest-family-15855996/", "geores":3, "mentionedthemes":";TAX_FNCACT_DIRECTOR;MEDIA_MSM;", "mentionednames":";United_States;United_States;United_States;", "OBJECTID":1219}}