{"type":"Feature", "geometry":{"type":"Point", "coordinates":[-102, 23]}, "properties":{"urlpubtimedate":"2017-05-24T06:00:00Z", "name":"Mexico", "urltone":6.57, "domain":"iheart.com", "urllangcode":"eng", "urlsocialimage":"http://i.iheart.com/v3/url/aHR0cHM6Ly9pLmloZWFydC5jb20vdjMvcmUvbmV3X2Fzc2V0cy81OTI0YTQ0NzExZTBjOTI3OTRhMmVmYjA=?ops=", "url":"http://wnoe.iheart.com/onair/cmt-cody-alan-54719/10-of-country-musics-cutest-family-15855996/", "geores":1, "mentionedthemes":";TAX_FNCACT_DIRECTOR;USPEC_POLICY1;EPU_POLICY_SPENDING;MEDIA_MSM;MEDIA_MSM;WB_1979_NATURAL_RESOURCE_MANAGEMENT;WB_435_AGRICULTURE_AND_FOOD_SECURITY;WB_1986_MOUNTAINS;", "mentionednames":"", "OBJECTID":1223}}