{"type":"Feature", "geometry":{"type":"Point", "coordinates":[-83.6487, 32.9866]}, "properties":{"urlpubtimedate":"2017-05-24T06:00:00Z", "name":"Georgia, United States", "urltone":6.57, "domain":"iheart.com", "urllangcode":"eng", "urlsocialimage":"http://i.iheart.com/v3/url/aHR0cHM6Ly9pLmloZWFydC5jb20vdjMvcmUvbmV3X2Fzc2V0cy81OTI0YTQ0NzExZTBjOTI3OTRhMmVmYjA=?ops=", "url":"http://wnoe.iheart.com/onair/cmt-cody-alan-54719/10-of-country-musics-cutest-family-15855996/", "geores":2, "mentionedthemes":"", "mentionednames":";Academy_Of_Country_Music_National;United_States;United_States;United_States;", "OBJECTID":1224}}