{"type":"Feature", "geometry":{"type":"Point", "coordinates":[77, 20]}, "properties":{"urlpubtimedate":"2017-05-24T06:00:00Z", "name":"India", "urltone":11.83, "domain":"rediff.com", "urllangcode":"eng", "urlsocialimage":"", "url":"http://shopping.rediff.com/product/Set-Of-Davidoff-Cool-Water-Men-Edt-Perfume-125ml-And-Women-Edt-Perfume-100ml/15235715", "geores":1, "mentionedthemes":";TAX_ECON_PRICE;TAX_FNCACT_WOMEN;TAX_FNCACT_WOMEN;WB_137_WATER;WB_137_WATER;WB_137_WATER;UNGP_FORESTS_RIVERS_OCEANS;UNGP_FORESTS_RIVERS_OCEANS;", "mentionednames":"", "OBJECTID":1231}}