{"type":"Feature", "geometry":{"type":"Point", "coordinates":[133, -27]}, "properties":{"urlpubtimedate":"2017-05-24T06:00:00Z", "name":"Australia", "urltone":1.79, "domain":"thechronicle.com.au", "urllangcode":"eng", "urlsocialimage":"https://media.apnarm.net.au/media/images/2017/05/24/b88769998z1_20170524133104_000g8fkrer42-0-zo5du2061h4ma0viao2_ct300x300.jpg", "url":"https://www.thechronicle.com.au/news/mumm-to-hang-up-boots-at-seasons-end/3181637/", "geores":1, "mentionedthemes":"", "mentionednames":";Hooper_Centre;", "OBJECTID":1234}}