{"type":"Feature", "geometry":{"type":"Point", "coordinates":[127.5, 37]}, "properties":{"urlpubtimedate":"2017-05-24T06:00:00Z", "name":"South Korea", "urltone":1.69, "domain":"heraldcorp.com", "urllangcode":"kor", "urlsocialimage":"http://res.heraldm.com/new_201209/herald_h.jpg", "url":"http://biz.heraldcorp.com/view.php?ud=20170524000682", "geores":1, "mentionedthemes":";CORRUPTION;WB_2019_ANTI_CORRUPTION_LEGISLATION;WB_696_PUBLIC_SECTOR_MANAGEMENT;WB_831_GOVERNANCE;WB_832_ANTI_CORRUPTION;WB_2020_BRIBERY_FRAUD_AND_COLLUSION;EPU_ECONOMY_HISTORIC;EPU_ECONOMY_HISTORIC;TAX_FNCACT_CHAIRWOMAN;TRIAL;", "mentionednames":";Kim_Jong_Pil;", "OBJECTID":1251}}