{"type":"Feature", "geometry":{"type":"Point", "coordinates":[35, 39]}, "properties":{"urlpubtimedate":"2017-05-24T06:00:00Z", "name":"Turkey", "urltone":5.43, "domain":"habervaktim.com", "urllangcode":"tur", "urlsocialimage":"http://d.habervaktim.com/news/822513.jpg", "url":"http://www.habervaktim.com/haber/508531/bakanlik-devreye-girdi-sgk-odeyecek.html", "geores":1, "mentionedthemes":";TAX_FNCACT_CHAIRMAN;WB_1362_MEDICAL_EQUIPMENT;WB_1331_HEALTH_TECHNOLOGIES;WB_1350_PHARMACEUTICALS;WB_621_HEALTH_NUTRITION_AND_POPULATION;WB_1331_HEALTH_TECHNOLOGIES;WB_1350_PHARMACEUTICALS;WB_621_HEALTH_NUTRITION_AND_POPULATION;WB_1331_HEALTH_TECHNOLOGIES;WB_1350_PHARMACEUTICALS;WB_621_HEALTH_NUTRITION_AND_POPULATION;WB_1331_HEALTH_TECHNOLOGIES;WB_1350_PHARMACEUTICALS;WB_621_HEALTH_NUTRITION_AND_POPULATION;", "mentionednames":";Device_Institution;", "OBJECTID":1252}}