{"type":"Feature", "geometry":{"type":"Point", "coordinates":[35, 39]}, "properties":{"urlpubtimedate":"2017-05-24T06:00:00Z", "name":"Turkey", "urltone":5.43, "domain":"habervaktim.com", "urllangcode":"tur", "urlsocialimage":"http://d.habervaktim.com/news/822513.jpg", "url":"http://www.habervaktim.com/haber/508531/bakanlik-devreye-girdi-sgk-odeyecek.html", "geores":1, "mentionedthemes":";TAX_FNCACT_PHYSICIAN;WB_1331_HEALTH_TECHNOLOGIES;WB_1350_PHARMACEUTICALS;WB_621_HEALTH_NUTRITION_AND_POPULATION;WB_1331_HEALTH_TECHNOLOGIES;WB_1350_PHARMACEUTICALS;WB_621_HEALTH_NUTRITION_AND_POPULATION;WB_1331_HEALTH_TECHNOLOGIES;WB_1350_PHARMACEUTICALS;WB_621_HEALTH_NUTRITION_AND_POPULATION;TAX_FNCACT_PHARMACISTS;CRISISLEX_C03_WELLBEING_HEALTH;CRISISLEX_C03_WELLBEING_HEALTH;WB_1921_PRIVATE_SECTOR_DEVELOPMENT;WB_405_BUSINESS_CLIMATE;WB_2531_INSPECTIONS_LICENSING_AND_PERMITS;WB_2530_BUSINESS_ENVIRONMENT;WB_1921_PRIVATE_SECTOR_DEVELOPMENT;WB_405_BUSINESS_CLIMATE;WB_2531_INSPECTIONS_LICENSING_AND_PERMITS;WB_2530_BUSINESS_ENVIRONMENT;", "mentionednames":";Turkey_Pharmacists_Union;Purpose_Early_Access_Program;", "OBJECTID":1253}}