{"type":"Feature", "geometry":{"type":"Point", "coordinates":[-2, 54]}, "properties":{"urlpubtimedate":"2017-05-24T06:00:00Z", "name":"United Kingdom", "urltone":-1.17, "domain":"notitarde.com", "urllangcode":"spa", "urlsocialimage":"http://imgs.notitarde.com/Imgs/2017/05/d01a70f2-4fcf-4d5b-9d1e-1e029a876606_W_00600.jpg", "url":"http://www.notitarde.com/toure-dono-116-mil-euros-a-victimas-en-manchester/deportes/2017/05/24/1060489/", "geores":1, "mentionedthemes":"", "mentionednames":"", "OBJECTID":1258}}