{"type":"Feature", "geometry":{"type":"Point", "coordinates":[133, -27]}, "properties":{"urlpubtimedate":"2017-05-24T06:00:00Z", "name":"Australia", "urltone":-0.68, "domain":"theherald.com.au", "urllangcode":"eng", "urlsocialimage":"", "url":"http://www.theherald.com.au/story/4684811/the-45-recommendations-of-lindt-cafe-siege-inquest/?cs=4219", "geores":1, "mentionedthemes":";SECURITY_SERVICES;TAX_FNCACT_POLICE;WB_2467_TERRORISM;WB_2433_CONFLICT_AND_VIOLENCE;WB_2462_POLITICAL_VIOLENCE_AND_WAR;EPU_CATS_NATIONAL_SECURITY;USPEC_POLITICS_GENERAL1;", "mentionednames":";Terrorism_Committee;", "OBJECTID":1269}}