{"type":"Feature", "geometry":{"type":"Point", "coordinates":[133, -27]}, "properties":{"urlpubtimedate":"2017-05-24T06:00:00Z", "name":"Australia", "urltone":-0.68, "domain":"theherald.com.au", "urllangcode":"eng", "urlsocialimage":"", "url":"http://www.theherald.com.au/story/4684811/the-45-recommendations-of-lindt-cafe-siege-inquest/?cs=4219", "geores":1, "mentionedthemes":";GENERAL_HEALTH;MEDICAL;GENERAL_HEALTH;MEDICAL;GENERAL_HEALTH;MEDICAL;BLOCKADE;SEIGE;UNREST_BELLIGERENT;UNREST_BELLIGERENT;", "mentionednames":";Threat_Assessment_Centre;Health_Records;", "OBJECTID":1270}}