{"type":"Feature", "geometry":{"type":"Point", "coordinates":[133, -27]}, "properties":{"urlpubtimedate":"2017-05-24T06:00:00Z", "name":"Australia", "urltone":-0.68, "domain":"theherald.com.au", "urllangcode":"eng", "urlsocialimage":"", "url":"http://www.theherald.com.au/story/4684811/the-45-recommendations-of-lindt-cafe-siege-inquest/?cs=4219", "geores":1, "mentionedthemes":";TAX_FNCACT_LAWYER;TAX_ETHNICITY_AUSTRALIAN;SECURITY_SERVICES;TAX_FNCACT_POLICE;SECURITY_SERVICES;TAX_FNCACT_POLICE;TAX_FNCACT_PROSECUTOR;TAX_FNCACT_PROSECUTORS;WB_2024_ANTI_CORRUPTION_AUTHORITIES;WB_696_PUBLIC_SECTOR_MANAGEMENT;WB_840_JUSTICE;WB_2025_INVESTIGATION;WB_831_GOVERNANCE;WB_832_ANTI_CORRUPTION;WB_1014_CRIMINAL_JUSTICE;USPEC_POLICY1;EPU_POLICY_POLICY;USPEC_POLICY1;EPU_POLICY_POLICY;USPEC_UNCERTAINTY1;TAX_FNCACT_CRIMINAL;TAX_FNCACT_CRIMINAL;TAX_FNCACT_CRIMINAL;LEGISLATION;EPU_POLICY_LAW;", "mentionednames":";Community_Safety_Council;", "OBJECTID":1274}}