{"type":"Feature", "geometry":{"type":"Point", "coordinates":[133, -27]}, "properties":{"urlpubtimedate":"2017-05-24T06:00:00Z", "name":"Australia", "urltone":-0.68, "domain":"theherald.com.au", "urllangcode":"eng", "urlsocialimage":"", "url":"http://www.theherald.com.au/story/4684811/the-45-recommendations-of-lindt-cafe-siege-inquest/?cs=4219", "geores":1, "mentionedthemes":";WB_2048_COMPENSATION_CAREERS_AND_INCENTIVES;WB_723_PUBLIC_ADMINISTRATION;WB_724_HUMAN_RESOURCES_FOR_PUBLIC_SECTOR;WB_2089_ETHICS_AND_CODES_OF_CONDUCT;WB_2048_COMPENSATION_CAREERS_AND_INCENTIVES;WB_723_PUBLIC_ADMINISTRATION;WB_724_HUMAN_RESOURCES_FOR_PUBLIC_SECTOR;WB_2089_ETHICS_AND_CODES_OF_CONDUCT;TAX_ETHNICITY_AUSTRALIAN;TAX_ETHNICITY_AUSTRALIAN;TAX_ETHNICITY_AUSTRALIAN;TAX_FNCACT_AUTHOR;GENERAL_GOVERNMENT;EPU_POLICY_GOVERNMENT;WB_2467_TERRORISM;WB_2433_CONFLICT_AND_VIOLENCE;WB_2462_POLITICAL_VIOLENCE_AND_WAR;EPU_CATS_NATIONAL_SECURITY;UNGP_CRIME_VIOLENCE;UNREST_BELLIGERENT;", "mentionednames":";Australian_Psychological_Society;Australian_Psychological_Society;Australian_Psychological_Society;Threat_Assessment_Centre;", "OBJECTID":1276}}