{"type":"Feature", "geometry":{"type":"Point", "coordinates":[174, -41]}, "properties":{"urlpubtimedate":"2017-05-24T06:00:00Z", "name":"New Zealand", "urltone":-0.68, "domain":"theherald.com.au", "urllangcode":"eng", "urlsocialimage":"", "url":"http://www.theherald.com.au/story/4684811/the-45-recommendations-of-lindt-cafe-siege-inquest/?cs=4219", "geores":1, "mentionedthemes":";SECURITY_SERVICES;TAX_FNCACT_POLICE;SECURITY_SERVICES;TAX_FNCACT_POLICE;EPU_POLICY_REFORM;WB_2467_TERRORISM;WB_2433_CONFLICT_AND_VIOLENCE;WB_2462_POLITICAL_VIOLENCE_AND_WAR;EPU_CATS_NATIONAL_SECURITY;TAX_FNCACT_COMMANDERS;TAX_FNCACT_COMMANDERS;USPEC_POLITICS_GENERAL1;", "mentionednames":";Australia_New_Zealand_Policing_Advisory_Agency;Terrorism_Committee;Police_Tactical_Group_Operations_Manual;Police_Tactical_Group_Operations_Manual;", "OBJECTID":1285}}