{"type":"Feature", "geometry":{"type":"Point", "coordinates":[174, -41]}, "properties":{"urlpubtimedate":"2017-05-24T06:00:00Z", "name":"New Zealand", "urltone":-0.68, "domain":"theherald.com.au", "urllangcode":"eng", "urlsocialimage":"", "url":"http://www.theherald.com.au/story/4684811/the-45-recommendations-of-lindt-cafe-siege-inquest/?cs=4219", "geores":1, "mentionedthemes":";TAX_FNCACT_OFFICERS;WB_2467_TERRORISM;WB_2433_CONFLICT_AND_VIOLENCE;WB_2462_POLITICAL_VIOLENCE_AND_WAR;EPU_CATS_NATIONAL_SECURITY;USPEC_POLICY1;EPU_POLICY_POLICY;TERROR;ARMEDCONFLICT;TERROR;ARMEDCONFLICT;USPEC_POLITICS_GENERAL1;", "mentionednames":";Australia_New_Zealand_Policing_Advisory_Agency;Terrorism_Committee;", "OBJECTID":1286}}