{"type":"Feature", "geometry":{"type":"Point", "coordinates":[-16.5775, 13.4531]}, "properties":{"urlpubtimedate":"2017-05-24T06:00:00Z", "name":"Bathurst, Banjul, Gambia", "urltone":2.54, "domain":"lithgowmercury.com.au", "urllangcode":"eng", "urlsocialimage":"http://nnimgt-a.akamaihd.net/transform/v1/crop/frm/bzKWYgn6VBjQPEQBVZjRGQ/1f0160b9-c8a7-4c3a-96d8-06c649e9c5f1.JPG/r416_602_4928_3151_w1200_h678_fmax.jpg", "url":"http://www.lithgowmercury.com.au/story/4683902/wallerawang-warriettes-too-good-for-lithgow-bears-photos/", "geores":3, "mentionedthemes":"", "mentionednames":";Monique_Millmore;Sarina_Griffiths;Mikayla_Howarth;Emma_Mcguinness;Brittany_Neale;", "OBJECTID":1292}}