{"type":"Feature", "geometry":{"type":"Point", "coordinates":[105, 35]}, "properties":{"urlpubtimedate":"2017-05-24T06:00:00Z", "name":"China", "urltone":10.96, "domain":"sxrtv.com", "urllangcode":"zho", "urlsocialimage":"", "url":"http://www.sxrtv.com/content/news/gn/2017-5-24/1495588020828.shtml", "geores":1, "mentionedthemes":";WB_1458_HEALTH_PROMOTION_AND_DISEASE_PREVENTION;WB_1462_WATER_SANITATION_AND_HYGIENE;WB_635_PUBLIC_HEALTH;WB_621_HEALTH_NUTRITION_AND_POPULATION;TAX_FNCACT_COMMUNIST;TAX_FNCACT_COMMUNIST;USPEC_POLITICS_GENERAL1;USPEC_POLITICS_GENERAL1;TAX_POLITICAL_PARTY_COMMUNIST_PARTY;TAX_POLITICAL_PARTY_COMMUNIST_PARTY;UNGP_FORESTS_RIVERS_OCEANS;TAX_POLITICAL_PARTY_COMMUNIST_PARTY_OF_CHINA;TAX_POLITICAL_PARTY_COMMUNIST_PARTY_OF_CHINA;", "mentionednames":";Zebian_Chan_Xiushan;Central_Committee;Central_Committee;Xinhua;", "OBJECTID":1296}}