{"type":"Feature", "geometry":{"type":"Point", "coordinates":[105, 35]}, "properties":{"urlpubtimedate":"2017-05-24T06:00:00Z", "name":"China", "urltone":10.96, "domain":"sxrtv.com", "urllangcode":"zho", "urlsocialimage":"", "url":"http://www.sxrtv.com/content/news/gn/2017-5-24/1495588020828.shtml", "geores":1, "mentionedthemes":";CRISISLEX_C03_WELLBEING_HEALTH;USPEC_POLICY1;EPU_POLICY_POLICY;GENERAL_HEALTH;MEDICAL;GENERAL_HEALTH;MEDICAL;ECON_ENTREPRENEURSHIP;WB_470_EDUCATION;EPU_CATS_HEALTHCARE;UNGP_FORESTS_RIVERS_OCEANS;DEMOCRACY;SCIENCE;LEGISLATION;EPU_POLICY_LAW;TAX_MILITARY_TITLE_OFFICER;TAX_FNCACT_OFFICER;", "mentionednames":"", "OBJECTID":1298}}