{"type":"Feature", "geometry":{"type":"Point", "coordinates":[116.692, 26.9512]}, "properties":{"urlpubtimedate":"2017-05-24T06:00:00Z", "name":"Shanxi, Fujian, China", "urltone":10.96, "domain":"sxrtv.com", "urllangcode":"zho", "urlsocialimage":"", "url":"http://www.sxrtv.com/content/news/gn/2017-5-24/1495588020828.shtml", "geores":3, "mentionedthemes":";WB_678_DIGITAL_GOVERNMENT;WB_694_BROADCAST_AND_MEDIA;WB_133_INFORMATION_AND_COMMUNICATION_TECHNOLOGIES;TAX_FNCACT_COMMUNIST;TAX_FNCACT_COMMUNIST;USPEC_POLITICS_GENERAL1;USPEC_POLITICS_GENERAL1;TAX_POLITICAL_PARTY_COMMUNIST_PARTY;TAX_POLITICAL_PARTY_COMMUNIST_PARTY;MEDIA_MSM;TAX_POLITICAL_PARTY_COMMUNIST_PARTY_OF_CHINA;TAX_POLITICAL_PARTY_COMMUNIST_PARTY_OF_CHINA;", "mentionednames":";Tv_Central_Committee;Central_Committee;Central_Committee;", "OBJECTID":1299}}