{"type":"Feature", "geometry":{"type":"Point", "coordinates":[18.5, -12.5]}, "properties":{"urlpubtimedate":"2017-05-24T06:00:00Z", "name":"Angola", "urltone":-1.92, "domain":"unitaangola.org", "urllangcode":"por", "urlsocialimage":"", "url":"http://www.unitaangola.org/PT/affiartinouv4.awp?pArticle=11981&AWPIDA93CD5D0=EB72A8516454E53F7672D9D1F195936B5160F35B", "geores":1, "mentionedthemes":";ECON_SOVEREIGN_DEBT;ECON_BUDGET_DEFICIT;ECON_DEBT;WB_1104_MACROECONOMIC_VULNERABILITY_AND_DEBT;WB_450_DEBT;EPU_ECONOMY;EPU_ECONOMY_HISTORIC;USPEC_POLICY1;EPU_POLICY_POLICY;TAX_FNCACT_CHAIRMAN;TAX_POLITICAL_PARTY_REPUBLICAN;USPEC_POLITICS_GENERAL1;", "mentionednames":"", "OBJECTID":130}}