{"type":"Feature", "geometry":{"type":"Point", "coordinates":[-82.7755, 40.3736]}, "properties":{"urlpubtimedate":"2017-05-24T06:00:00Z", "name":"Ohio, United States", "urltone":-2.33, "domain":"thenewstribune.com", "urllangcode":"eng", "urlsocialimage":"http://www.mcclatchy-wires.com/incoming/u0edh/picture152288882/alternates/LANDSCAPE_1140/Opioid_Science_Ohio_06253.jpg", "url":"http://www.thenewstribune.com/news/business/article152288887.html", "geores":2, "mentionedthemes":";CRISISLEX_CRISISLEXREC;TAX_POLITICAL_PARTY_REPUBLICAN;USPEC_POLITICS_GENERAL1;", "mentionednames":";Third_Frontier_Commission;", "OBJECTID":1300}}