{"type":"Feature", "geometry":{"type":"Point", "coordinates":[-82.7755, 40.3736]}, "properties":{"urlpubtimedate":"2017-05-24T06:00:00Z", "name":"Ohio, United States", "urltone":-2.33, "domain":"thenewstribune.com", "urllangcode":"eng", "urlsocialimage":"http://www.mcclatchy-wires.com/incoming/u0edh/picture152288882/alternates/LANDSCAPE_1140/Opioid_Science_Ohio_06253.jpg", "url":"http://www.thenewstribune.com/news/business/article152288887.html", "geores":2, "mentionedthemes":";CRISISLEX_CRISISLEXREC;CRISISLEX_CRISISLEXREC;KILL;SCIENCE;WB_1406_DISEASES;WB_1437_SOCIAL_DETERMINANTS_FOR_HEALTH;WB_1438_ALCOHOL_AND_SUBSTANCE_ABUSE;WB_621_HEALTH_NUTRITION_AND_POPULATION;WB_1427_NON_COMMUNICABLE_DISEASE_AND_INJURY;DRUG_TRADE;WB_1331_HEALTH_TECHNOLOGIES;WB_2453_ORGANIZED_CRIME;WB_1350_PHARMACEUTICALS;WB_2433_CONFLICT_AND_VIOLENCE;WB_2432_FRAGILITY_CONFLICT_AND_VIOLENCE;WB_2456_DRUGS_AND_NARCOTICS;TAX_FNCACT_COMMISSIONERS;", "mentionednames":";Third_Frontier_Commission;", "OBJECTID":1301}}