{"type":"Feature", "geometry":{"type":"Point", "coordinates":[13, 51]}, "properties":{"urlpubtimedate":"2017-05-24T06:00:00Z", "name":"Saxony, Sachsen, Germany", "urltone":0.7, "domain":"gn-online.de", "urllangcode":"deu", "urlsocialimage":"http://www.gn-online.de/bilder/eine-luftaufnahme-des-stadtumbaugebietes-bahnhofsumfeld-262114m.jpg", "url":"http://www.gn-online.de/nachrichten/nordhorn-erhaelt-eine-neue-visitenkarte-194196.html", "geores":3, "mentionedthemes":";ECON_WORLDCURRENCIES_EURO;ECON_WORLDCURRENCIES_EURO;URBAN;UNGP_FORESTS_RIVERS_OCEANS;", "mentionednames":"", "OBJECTID":1303}}