{"type":"Feature", "geometry":{"type":"Point", "coordinates":[7.0833, 52.4333]}, "properties":{"urlpubtimedate":"2017-05-24T06:00:00Z", "name":"Nordhorn, Niedersachsen, Germany", "urltone":0.7, "domain":"gn-online.de", "urllangcode":"deu", "urlsocialimage":"http://www.gn-online.de/bilder/eine-luftaufnahme-des-stadtumbaugebietes-bahnhofsumfeld-262114m.jpg", "url":"http://www.gn-online.de/nachrichten/nordhorn-erhaelt-eine-neue-visitenkarte-194196.html", "geores":3, "mentionedthemes":";TAX_ECON_PRICE;MANMADE_DISASTER_IMPLIED;WB_135_TRANSPORT;WB_164_MODES_OF_TRANSPORT;WB_1800_RAIL_TRANSPORT;ECON_WORLDCURRENCIES_EURO;URBAN;WB_699_URBAN_DEVELOPMENT;", "mentionednames":";Development_Of_The_Buildings;", "OBJECTID":1305}}