{"type":"Feature", "geometry":{"type":"Point", "coordinates":[7.0833, 52.4333]}, "properties":{"urlpubtimedate":"2017-05-24T06:00:00Z", "name":"Nordhorn, Niedersachsen, Germany", "urltone":0.7, "domain":"gn-online.de", "urllangcode":"deu", "urlsocialimage":"http://www.gn-online.de/bilder/eine-luftaufnahme-des-stadtumbaugebietes-bahnhofsumfeld-262114m.jpg", "url":"http://www.gn-online.de/nachrichten/nordhorn-erhaelt-eine-neue-visitenkarte-194196.html", "geores":3, "mentionedthemes":";MANMADE_DISASTER_IMPLIED;WB_1458_HEALTH_PROMOTION_AND_DISEASE_PREVENTION;WB_1462_WATER_SANITATION_AND_HYGIENE;WB_635_PUBLIC_HEALTH;WB_621_HEALTH_NUTRITION_AND_POPULATION;WB_135_TRANSPORT;WB_164_MODES_OF_TRANSPORT;WB_1800_RAIL_TRANSPORT;AFFECT;", "mentionednames":";Thimo_Weitemeier;", "OBJECTID":1308}}