{"type":"Feature", "geometry":{"type":"Point", "coordinates":[7.0833, 52.4333]}, "properties":{"urlpubtimedate":"2017-05-24T06:00:00Z", "name":"Nordhorn, Niedersachsen, Germany", "urltone":0.7, "domain":"gn-online.de", "urllangcode":"deu", "urlsocialimage":"http://www.gn-online.de/bilder/eine-luftaufnahme-des-stadtumbaugebietes-bahnhofsumfeld-262114m.jpg", "url":"http://www.gn-online.de/nachrichten/nordhorn-erhaelt-eine-neue-visitenkarte-194196.html", "geores":3, "mentionedthemes":";DISASTER_FIRE;CRISISLEX_T01_CAUTION_ADVICE;TAX_WEAPONS_GUN;", "mentionednames":";Docet_Wonderryck_Twente;", "OBJECTID":1310}}