{"type":"Feature", "geometry":{"type":"Point", "coordinates":[123.883, 41.7]}, "properties":{"urlpubtimedate":"2017-05-24T06:00:00Z", "name":"Fushun, Liaoning, China", "urltone":-4.08, "domain":"syd.com.cn", "urllangcode":"zho", "urlsocialimage":"", "url":"http://news.syd.com.cn/system/2017/05/24/011393642.shtml", "geores":3, "mentionedthemes":";MANMADE_DISASTER_IMPLIED;MANMADE_DISASTER_IMPLIED;MANMADE_DISASTER_IMPLIED;MANMADE_DISASTER_IMPLIED;MANMADE_DISASTER_IMPLIED;WB_135_TRANSPORT;WB_135_TRANSPORT;TAX_FNCACT_CONDUCTOR;SECURITY_SERVICES;TAX_FNCACT_POLICE;CRISISLEX_C07_SAFETY;SECURITY_SERVICES;TAX_FNCACT_POLICE;CRISISLEX_C07_SAFETY;", "mentionednames":";Center_Shenyang;Maserati;", "OBJECTID":1312}}