{"type":"Feature", "geometry":{"type":"Point", "coordinates":[123.883, 41.7]}, "properties":{"urlpubtimedate":"2017-05-24T06:00:00Z", "name":"Fushun, Liaoning, China", "urltone":-4.08, "domain":"syd.com.cn", "urllangcode":"zho", "urlsocialimage":"", "url":"http://news.syd.com.cn/system/2017/05/24/011393642.shtml", "geores":3, "mentionedthemes":";MANMADE_DISASTER_IMPLIED;MANMADE_DISASTER_IMPLIED;MANMADE_DISASTER_IMPLIED;MANMADE_DISASTER_IMPLIED;WB_2024_ANTI_CORRUPTION_AUTHORITIES;WB_696_PUBLIC_SECTOR_MANAGEMENT;WB_840_JUSTICE;WB_2025_INVESTIGATION;WB_831_GOVERNANCE;WB_832_ANTI_CORRUPTION;WB_1014_CRIMINAL_JUSTICE;WB_2024_ANTI_CORRUPTION_AUTHORITIES;WB_696_PUBLIC_SECTOR_MANAGEMENT;WB_840_JUSTICE;WB_2025_INVESTIGATION;WB_831_GOVERNANCE;WB_832_ANTI_CORRUPTION;WB_1014_CRIMINAL_JUSTICE;WB_1801_ROAD_TRANSPORT;WB_164_MODES_OF_TRANSPORT;WB_135_TRANSPORT;WB_1428_INJURY;WB_1406_DISEASES;WB_621_HEALTH_NUTRITION_AND_POPULATION;WB_1427_NON_COMMUNICABLE_DISEASE_AND_INJURY;WB_135_TRANSPORT;WB_2495_DETENTION_PRISON_AND_CORRECTIONS_REFORM;WB_2470_PEACE_OPERATIONS_AND_CONFLICT_MANAGEMENT;WB_2432_FRAGILITY_CONFLICT_AND_VIOLENCE;WB_2490_NATIONAL_PROTECTION_AND_SECURITY;SECURITY_SERVICES;TAX_FNCACT_POLICE;CRISISLEX_C07_SAFETY;GENERAL_GOVERNMENT;WB_790_TRANSPORT_AND_SUSTAINABLE_DEVELOPMENT;WB_1808_TRANSPORT_SAFETY;WB_1921_PRIVATE_SECTOR_DEVELOPMENT;WB_405_BUSINESS_CLIMATE;WB_2531_INSPECTIONS_LICENSING_AND_PERMITS;WB_2530_BUSINESS_ENVIRONMENT;WB_1921_PRIVATE_SECTOR_DEVELOPMENT;WB_405_BUSINESS_CLIMATE;WB_2531_INSPECTIONS_LICENSING_AND_PERMITS;WB_2530_BUSINESS_ENVIRONMENT;", "mentionednames":";Public_Security_Office;", "OBJECTID":1314}}