{"type":"Feature", "geometry":{"type":"Point", "coordinates":[123.883, 41.7]}, "properties":{"urlpubtimedate":"2017-05-24T06:00:00Z", "name":"Fushun, Liaoning, China", "urltone":-4.08, "domain":"syd.com.cn", "urllangcode":"zho", "urlsocialimage":"", "url":"http://news.syd.com.cn/system/2017/05/24/011393642.shtml", "geores":3, "mentionedthemes":";MEDIA_MSM;TAX_FNCACT_REPORTER;MANMADE_DISASTER_IMPLIED;MANMADE_DISASTER_IMPLIED;MANMADE_DISASTER_IMPLIED;MANMADE_DISASTER_IMPLIED;WB_135_TRANSPORT;CRISISLEX_CRISISLEXREC;WB_1920_FINANCIAL_SECTOR_DEVELOPMENT;WB_328_FINANCIAL_INTEGRITY;WB_2082_LAW_ENFORCEMENT;DISCRIMINATION;UNGP_FREEDOM_FROM_DISCRIMINATION;SECURITY_SERVICES;TAX_FNCACT_POLICE;CRISISLEX_C07_SAFETY;SECURITY_SERVICES;TAX_FNCACT_POLICE;CRISISLEX_C07_SAFETY;SECURITY_SERVICES;TAX_FNCACT_POLICE;CRISISLEX_C07_SAFETY;SECURITY_SERVICES;TAX_FNCACT_POLICE;CRISISLEX_C07_SAFETY;LEGISLATION;EPU_POLICY_LAW;LEGISLATION;EPU_POLICY_LAW;TAX_FNCACT_OFFICIAL;WB_2433_CONFLICT_AND_VIOLENCE;UNGP_CRIME_VIOLENCE;", "mentionednames":";Maserati;", "OBJECTID":1316}}