{"type":"Feature", "geometry":{"type":"Point", "coordinates":[123, 41]}, "properties":{"urlpubtimedate":"2017-05-24T06:00:00Z", "name":"Liaoning, Liaoning, China", "urltone":-4.08, "domain":"syd.com.cn", "urllangcode":"zho", "urlsocialimage":"", "url":"http://news.syd.com.cn/system/2017/05/24/011393642.shtml", "geores":2, "mentionedthemes":";MEDIA_MSM;TAX_FNCACT_REPORTER;TAX_WORLDLANGUAGES_MENG;TRIAL;TAX_FNCACT_LAWYER;TRIAL;TAX_FNCACT_LAWYER;TAX_FNCACT_CONSULTANT;EPU_ECONOMY_HISTORIC;LEGISLATION;EPU_POLICY_LAW;LEGISLATION;EPU_POLICY_LAW;LEGISLATION;EPU_POLICY_LAW;TAX_FNCACT_OFFICIAL;", "mentionednames":"", "OBJECTID":1326}}