{"type":"Feature", "geometry":{"type":"Point", "coordinates":[123, 41]}, "properties":{"urlpubtimedate":"2017-05-24T06:00:00Z", "name":"Liaoning, Liaoning, China", "urltone":-4.08, "domain":"syd.com.cn", "urllangcode":"zho", "urlsocialimage":"", "url":"http://news.syd.com.cn/system/2017/05/24/011393642.shtml", "geores":2, "mentionedthemes":";WB_678_DIGITAL_GOVERNMENT;WB_694_BROADCAST_AND_MEDIA;WB_133_INFORMATION_AND_COMMUNICATION_TECHNOLOGIES;WB_286_TELECOMMUNICATIONS_AND_BROADBAND_ACCESS;EPU_ECONOMY_HISTORIC;EPU_ECONOMY_HISTORIC;EPU_ECONOMY_HISTORIC;WB_1921_PRIVATE_SECTOR_DEVELOPMENT;WB_405_BUSINESS_CLIMATE;WB_2531_INSPECTIONS_LICENSING_AND_PERMITS;WB_2530_BUSINESS_ENVIRONMENT;WB_1921_PRIVATE_SECTOR_DEVELOPMENT;WB_405_BUSINESS_CLIMATE;WB_2531_INSPECTIONS_LICENSING_AND_PERMITS;WB_2530_BUSINESS_ENVIRONMENT;WB_1921_PRIVATE_SECTOR_DEVELOPMENT;WB_405_BUSINESS_CLIMATE;WB_2531_INSPECTIONS_LICENSING_AND_PERMITS;WB_2530_BUSINESS_ENVIRONMENT;", "mentionednames":"", "OBJECTID":1328}}