{"type":"Feature", "geometry":{"type":"Point", "coordinates":[106.553, 29.5628]}, "properties":{"urlpubtimedate":"2017-05-24T06:00:00Z", "name":"Chongqing, Chongqing, China", "urltone":-4.08, "domain":"syd.com.cn", "urllangcode":"zho", "urlsocialimage":"", "url":"http://news.syd.com.cn/system/2017/05/24/011393642.shtml", "geores":3, "mentionedthemes":";MANMADE_DISASTER_IMPLIED;MANMADE_DISASTER_IMPLIED;MANMADE_DISASTER_IMPLIED;MANMADE_DISASTER_IMPLIED;MANMADE_DISASTER_IMPLIED;MANMADE_DISASTER_IMPLIED;MANMADE_DISASTER_IMPLIED;MANMADE_DISASTER_IMPLIED;WB_2024_ANTI_CORRUPTION_AUTHORITIES;WB_696_PUBLIC_SECTOR_MANAGEMENT;WB_840_JUSTICE;WB_2025_INVESTIGATION;WB_831_GOVERNANCE;WB_832_ANTI_CORRUPTION;WB_1014_CRIMINAL_JUSTICE;WB_1428_INJURY;WB_1406_DISEASES;WB_621_HEALTH_NUTRITION_AND_POPULATION;WB_1427_NON_COMMUNICABLE_DISEASE_AND_INJURY;WB_135_TRANSPORT;SECURITY_SERVICES;TAX_FNCACT_POLICE;CRISISLEX_C07_SAFETY;SECURITY_SERVICES;TAX_FNCACT_POLICE;CRISISLEX_C07_SAFETY;WB_1921_PRIVATE_SECTOR_DEVELOPMENT;WB_405_BUSINESS_CLIMATE;WB_2531_INSPECTIONS_LICENSING_AND_PERMITS;WB_2530_BUSINESS_ENVIRONMENT;WB_1921_PRIVATE_SECTOR_DEVELOPMENT;WB_405_BUSINESS_CLIMATE;WB_2531_INSPECTIONS_LICENSING_AND_PERMITS;WB_2530_BUSINESS_ENVIRONMENT;", "mentionednames":";Maserati;Public_Security_Office;", "OBJECTID":1329}}