{"type":"Feature", "geometry":{"type":"Point", "coordinates":[18.5, -12.5]}, "properties":{"urlpubtimedate":"2017-05-24T06:00:00Z", "name":"Angola", "urltone":-1.92, "domain":"unitaangola.org", "urllangcode":"por", "urlsocialimage":"", "url":"http://www.unitaangola.org/PT/affiartinouv4.awp?pArticle=11981&AWPIDA93CD5D0=EB72A8516454E53F7672D9D1F195936B5160F35B", "geores":1, "mentionedthemes":";TAX_MILITARY_TITLE_COMMANDER;TAX_FNCACT_COMMANDER;TAX_FNCACT_HEAD_OF_STATE;TAX_FNCACT_EXECUTIVE;ELECTION;ELECTION;ELECTION;WB_1467_EDUCATION_FOR_ALL;WB_2131_EMPLOYABILITY_SKILLS_AND_JOBS;WB_1484_EDUCATION_SKILLS_DEVELOPMENT_AND_LABOR_MARKET;TAX_FNCACT_CHAIRMAN;TAX_POLITICAL_PARTY_REPUBLICAN;USPEC_POLITICS_GENERAL1;TAX_FNCACT_BOSS;", "mentionednames":";Ser_Soprado;Union_African;Commission_National_Election;", "OBJECTID":133}}