{"type":"Feature", "geometry":{"type":"Point", "coordinates":[100, 60]}, "properties":{"urlpubtimedate":"2017-05-24T06:00:00Z", "name":"Russia", "urltone":3.42, "domain":"hirado.hu", "urllangcode":"hun", "urlsocialimage":"http://hirado.cms.mtv.hu/wp-content/uploads/sites/7/2017/05/DMOHA20170422047-e1495601811598-1024x577.jpg", "url":"http://www.hirado.hu/2017/05/24/iden-is-tekernek-az-agyserult-betegekert-moron/", "geores":1, "mentionedthemes":";EDUCATION;WB_470_EDUCATION;WB_1458_HEALTH_PROMOTION_AND_DISEASE_PREVENTION;WB_635_PUBLIC_HEALTH;WB_1464_HEALTH_OF_THE_DISABLED;WB_621_HEALTH_NUTRITION_AND_POPULATION;TAX_DISEASE_CONGENITAL;GENERAL_HEALTH;MEDICAL;TAX_FNCACT_DOCTOR;TAX_ETHNICITY_RUSSIAN;TAX_WORLDLANGUAGES_RUSSIAN;TAX_DISEASE_TUMOR;WB_1614_NUTRITIONAL_PROGRAMS;WB_1609_FOOD_AND_IN_KIND_TRANSFERS;WB_1615_THERAPEUTIC;WB_1466_SOCIAL_ASSISTANCE;WB_697_SOCIAL_PROTECTION_AND_LABOR;", "mentionednames":"", "OBJECTID":1330}}