{"type":"Feature", "geometry":{"type":"Point", "coordinates":[105, 35]}, "properties":{"urlpubtimedate":"2017-05-24T06:00:00Z", "name":"China", "urltone":1.75, "domain":"zdnet.com", "urllangcode":"eng", "urlsocialimage":"http://zdnet3.cbsistatic.com/hub/i/r/2016/11/18/93d173a7-24bf-44d0-9ec2-11fbe007de4f/thumbnail/770x578/5041a8937c69cbbfb09517bdbdc92e9e/google-deepmind-go.jpg", "url":"http://www.zdnet.com/article/alphago-defeats-go-world-champion-in-china/", "geores":1, "mentionedthemes":"", "mentionednames":";Google;China_Go_Association;", "OBJECTID":1333}}