{"type":"Feature", "geometry":{"type":"Point", "coordinates":[77, 20]}, "properties":{"urlpubtimedate":"2017-05-24T06:00:00Z", "name":"India", "urltone":-1.13, "domain":"akilanews.com", "urllangcode":"guj", "urlsocialimage":"", "url":"http://www.akilanews.com/24052017/about-akila", "geores":1, "mentionedthemes":";TAX_ETHNICITY_GUJARATI;TAX_WORLDLANGUAGES_GUJARATI;TAX_ETHNICITY_GUJARATI;TAX_WORLDLANGUAGES_GUJARATI;TAX_ETHNICITY_GUJARATI;TAX_WORLDLANGUAGES_GUJARATI;MEDIA_MSM;TAX_FNCACT_MAID;TAX_FNCACT_MAID;", "mentionednames":"", "OBJECTID":1340}}