{"type":"Feature", "geometry":{"type":"Point", "coordinates":[72.8258, 18.975]}, "properties":{"urlpubtimedate":"2017-05-24T06:00:00Z", "name":"Mumbai, Maharashtra, India", "urltone":-1.13, "domain":"akilanews.com", "urllangcode":"guj", "urlsocialimage":"", "url":"http://www.akilanews.com/24052017/about-akila", "geores":3, "mentionedthemes":";WB_678_DIGITAL_GOVERNMENT;WB_694_BROADCAST_AND_MEDIA;WB_133_INFORMATION_AND_COMMUNICATION_TECHNOLOGIES;WB_2391_WEB_BROADCASTING;WB_678_DIGITAL_GOVERNMENT;WB_694_BROADCAST_AND_MEDIA;WB_133_INFORMATION_AND_COMMUNICATION_TECHNOLOGIES;NATURAL_DISASTER_HURRICANES;NATURAL_DISASTER_EARTHQUAKE;CRISISLEX_T01_CAUTION_ADVICE;TAX_ECON_PRICE;CRISISLEX_O01_WEATHER;", "mentionednames":"", "OBJECTID":1341}}