{"type":"Feature", "geometry":{"type":"Point", "coordinates":[100, 60]}, "properties":{"urlpubtimedate":"2017-05-24T06:00:00Z", "name":"Russia", "urltone":-2.3, "domain":"hkcna.hk", "urllangcode":"zho", "urlsocialimage":"", "url":"http://www.hkcna.hk/content/2017/0524/575121.shtml", "geores":1, "mentionedthemes":";TAX_ETHNICITY_RUSSIAN;TAX_WORLDLANGUAGES_RUSSIAN;TAX_ETHNICITY_RUSSIAN;TAX_WORLDLANGUAGES_RUSSIAN;EPU_POLICY_WHITE_HOUSE;EPU_POLICY_WHITE_HOUSE;TAX_MILITARY_TITLE_OFFICER;TAX_FNCACT_OFFICER;", "mentionednames":";White_House;White_House;United_States;", "OBJECTID":1343}}