{"type":"Feature", "geometry":{"type":"Point", "coordinates":[-77.0364, 38.8951]}, "properties":{"urlpubtimedate":"2017-05-24T06:00:00Z", "name":"Washington, Washington, United States", "urltone":-2.3, "domain":"hkcna.hk", "urllangcode":"zho", "urlsocialimage":"", "url":"http://www.hkcna.hk/content/2017/0524/575121.shtml", "geores":3, "mentionedthemes":";TAX_ETHNICITY_RUSSIAN;TAX_WORLDLANGUAGES_RUSSIAN;EPU_POLICY_WHITE_HOUSE;EPU_POLICY_WHITE_HOUSE;TAX_MILITARY_TITLE_OFFICER;TAX_FNCACT_OFFICER;TAX_FNCACT_OFFICIAL;ACT_MAKESTATEMENT;", "mentionednames":";White_House;White_House;Office_Start_Trump;United_States;United_States;", "OBJECTID":1344}}