{"type":"Feature", "geometry":{"type":"Point", "coordinates":[114.167, 22.25]}, "properties":{"urlpubtimedate":"2017-05-24T06:00:00Z", "name":"Hong Kong", "urltone":-2.3, "domain":"hkcna.hk", "urllangcode":"zho", "urlsocialimage":"", "url":"http://www.hkcna.hk/content/2017/0524/575121.shtml", "geores":1, "mentionedthemes":";WB_2024_ANTI_CORRUPTION_AUTHORITIES;WB_696_PUBLIC_SECTOR_MANAGEMENT;WB_840_JUSTICE;WB_2025_INVESTIGATION;WB_831_GOVERNANCE;WB_832_ANTI_CORRUPTION;WB_1014_CRIMINAL_JUSTICE;INFO_RUMOR;LEADER;TAX_FNCACT_PRESIDENT;USPEC_POLITICS_GENERAL1;EPU_POLICY_WHITE_HOUSE;", "mentionednames":";White_House;United_States;", "OBJECTID":1347}}