{"type":"Feature", "geometry":{"type":"Point", "coordinates":[133, -27]}, "properties":{"urlpubtimedate":"2017-05-24T06:00:00Z", "name":"Australia", "urltone":-4.74, "domain":"manningrivertimes.com.au", "urllangcode":"eng", "urlsocialimage":"", "url":"http://www.manningrivertimes.com.au/story/4684338/pms-department-paid-alleged-tax-fraud-company-13m/", "geores":1, "mentionedthemes":";ECON_TAXATION;USPEC_POLICY1;EPU_POLICY_TAX;EPU_CATS_TAXES;ECON_TAXATION;USPEC_POLICY1;EPU_POLICY_TAX;EPU_CATS_TAXES;LEADER;TAX_FNCACT_PRIME_MINISTER;TAX_FNCACT_MINISTER;TAX_ETHNICITY_AUSTRALIAN;SOC_GENERALCRIME;RECRUITMENT;WB_2019_ANTI_CORRUPTION_LEGISLATION;WB_696_PUBLIC_SECTOR_MANAGEMENT;WB_831_GOVERNANCE;WB_832_ANTI_CORRUPTION;WB_2020_BRIBERY_FRAUD_AND_COLLUSION;GENERAL_GOVERNMENT;EPU_POLICY_GOVERNMENT;USPEC_POLITICS_GENERAL1;USPEC_POLITICS_GENERAL1;", "mentionednames":";Tax_Office;", "OBJECTID":1351}}