{"type":"Feature", "geometry":{"type":"Point", "coordinates":[133, -27]}, "properties":{"urlpubtimedate":"2017-05-24T06:00:00Z", "name":"Australia", "urltone":-4.74, "domain":"manningrivertimes.com.au", "urllangcode":"eng", "urlsocialimage":"", "url":"http://www.manningrivertimes.com.au/story/4684338/pms-department-paid-alleged-tax-fraud-company-13m/", "geores":1, "mentionedthemes":";TAX_FNCACT_DEPUTY;LEADER;TAX_FNCACT_PRIME_MINISTER;TAX_FNCACT_MINISTER;TAX_ETHNICITY_AUSTRALIAN;TAX_FNCACT_COMMISSIONER;GENERAL_GOVERNMENT;EPU_POLICY_GOVERNMENT;TAX_FNCACT_CHIEF_FINANCIAL_OFFICER;TAX_MILITARY_TITLE_OFFICER;TAX_FNCACT_OFFICER;AFFECT;TAX_FNCACT_CHIEF;USPEC_POLITICS_GENERAL1;WB_1121_TAXATION;WB_439_MACROECONOMIC_AND_STRUCTURAL_POLICIES;WB_445_FISCAL_POLICY;", "mentionednames":";Adam_Cranston;Michael_Cranston;Australian_Taxation_Office_Deputy;", "OBJECTID":1352}}