{"type":"Feature", "geometry":{"type":"Point", "coordinates":[133, -27]}, "properties":{"urlpubtimedate":"2017-05-24T06:00:00Z", "name":"Australia", "urltone":-4.74, "domain":"manningrivertimes.com.au", "urllangcode":"eng", "urlsocialimage":"", "url":"http://www.manningrivertimes.com.au/story/4684338/pms-department-paid-alleged-tax-fraud-company-13m/", "geores":1, "mentionedthemes":";TAX_FNCACT_DEPUTY;BORDER;TAX_ETHNICITY_AUSTRALIAN;TAX_FNCACT_COMMISSIONER;WB_2470_PEACE_OPERATIONS_AND_CONFLICT_MANAGEMENT;WB_2491_BORDER_SECURITY;WB_2432_FRAGILITY_CONFLICT_AND_VIOLENCE;WB_2490_NATIONAL_PROTECTION_AND_SECURITY;SECURITY_SERVICES;TAX_FNCACT_POLICE;SECURITY_SERVICES;TAX_FNCACT_POLICE;TAX_FNCACT_OFFICIAL;GENERAL_GOVERNMENT;EPU_POLICY_GOVERNMENT;GENERAL_GOVERNMENT;EPU_POLICY_GOVERNMENT;IMMIGRATION;WB_2670_JOBS;WB_2769_JOBS_STRATEGIES;WB_2837_IMMIGRATION;WB_2836_MIGRATION_POLICIES_AND_JOBS;EPU_CATS_MIGRATION_FEAR_MIGRATION;WB_2024_ANTI_CORRUPTION_AUTHORITIES;WB_840_JUSTICE;WB_2025_INVESTIGATION;WB_1014_CRIMINAL_JUSTICE;EPU_CATS_ENTITLEMENT_PROGRAMS;MEDIA_MSM;TRIAL;TAX_FNCACT_SECRETARY;", "mentionednames":";Michael_Cranston;Martin_Parkinson;Department_Of_Immigration;Australian_Federal_Police;", "OBJECTID":1353}}