{"type":"Feature", "geometry":{"type":"Point", "coordinates":[120, -5]}, "properties":{"urlpubtimedate":"2017-05-24T06:00:00Z", "name":"Indonesia", "urltone":5.21, "domain":"news18.com", "urllangcode":"eng", "urlsocialimage":"http://img01.ibnlive.in/ibnlive/uploads/2017/05/rogermoore1.jpg", "url":"http://www.news18.com/news/movies/remembering-roger-moore-russell-crowe-piers-morgan-pierce-brosnan-condole-his-death-1410489.html", "geores":1, "mentionedthemes":";TAX_FNCACT_EXECUTIVE_DIRECTOR;TAX_FNCACT_DIRECTOR;TAX_FNCACT_EXECUTIVE;TAX_FNCACT_ACTOR;TAX_AIDGROUPS_UNICEF;TAX_FNCACT_LADY;MEDIA_SOCIAL;TAX_ETHNICITY_INDONESIAN;TAX_WORLDLANGUAGES_INDONESIAN;TAX_FNCACT_MAN;TAX_FNCACT_CHILDREN;", "mentionednames":";Piers_Morgan;Lady_Kristina;Anthony_Hopkins;Russell_Crowe;Roger_Moore;Roger_Moore;Anthony_Lake;Twitter;", "OBJECTID":1354}}