{"type":"Feature", "geometry":{"type":"Point", "coordinates":[105, 46]}, "properties":{"urlpubtimedate":"2017-05-24T06:00:00Z", "name":"Mongolia", "urltone":-2.17, "domain":"etnet.com.cn", "urllangcode":"zho", "urlsocialimage":"", "url":"http://news.etnet.com.cn/category-china-finance/270524332.htm", "geores":1, "mentionedthemes":";TAX_WORLDMAMMALS_BEAR;TAX_ECON_PRICE;WB_508_POWER_SYSTEMS;WB_507_ENERGY_AND_EXTRACTIVES;WB_511_COAL_FIRED_POWER;UNGP_FORESTS_RIVERS_OCEANS;ENV_COAL;ENV_COAL;ENV_COAL;ENV_COAL;ENV_COAL;ENV_COAL;", "mentionednames":";Philip_Sea;", "OBJECTID":1355}}