{"type":"Feature", "geometry":{"type":"Point", "coordinates":[105, 35]}, "properties":{"urlpubtimedate":"2017-05-24T06:00:00Z", "name":"China", "urltone":-2.17, "domain":"etnet.com.cn", "urllangcode":"zho", "urlsocialimage":"", "url":"http://news.etnet.com.cn/category-china-finance/270524332.htm", "geores":1, "mentionedthemes":";TAX_ECON_PRICE;USPEC_POLICY1;EPU_ECONOMY;EPU_ECONOMY_HISTORIC;USPEC_POLICY1;EPU_ECONOMY;EPU_ECONOMY_HISTORIC;MEDIA_MSM;MEDIA_MSM;TAX_FNCACT_INSIDER;WB_678_DIGITAL_GOVERNMENT;WB_694_BROADCAST_AND_MEDIA;WB_133_INFORMATION_AND_COMMUNICATION_TECHNOLOGIES;ENV_COAL;TAX_ETHNICITY_CHINESE;TAX_WORLDLANGUAGES_CHINESE;", "mentionednames":"", "OBJECTID":1356}}