{"type":"Feature", "geometry":{"type":"Point", "coordinates":[114.033, 22.4333]}, "properties":{"urlpubtimedate":"2017-05-24T06:00:00Z", "name":"Yuen Long, Hong Kong (General), Hong Kong", "urltone":0, "domain":"hkcna.hk", "urllangcode":"zho", "urlsocialimage":"", "url":"http://www.hkcna.hk/content/2017/0524/575098.shtml", "geores":3, "mentionedthemes":";TAX_FNCACT_ASSISTANT;TAX_ECON_PRICE;TAX_ECON_PRICE;TAX_ECON_PRICE;TAX_FNCACT_EMPEROR;NEGOTIATIONS;NEGOTIATIONS;ECON_HOUSING_PRICES;", "mentionednames":";Shatin_Regal;Lee_Kar_Court;", "OBJECTID":1363}}