{"type":"Feature", "geometry":{"type":"Point", "coordinates":[114.167, 22.25]}, "properties":{"urlpubtimedate":"2017-05-24T06:00:00Z", "name":"Hong Kong", "urltone":0, "domain":"hkcna.hk", "urllangcode":"zho", "urlsocialimage":"", "url":"http://www.hkcna.hk/content/2017/0524/575098.shtml", "geores":1, "mentionedthemes":";WB_336_NON_BANK_FINANCIAL_INSTITUTIONS;WB_1920_FINANCIAL_SECTOR_DEVELOPMENT;WB_612_HOUSING_FINANCE;WB_332_CAPITAL_MARKETS;NEGOTIATIONS;NEGOTIATIONS;", "mentionednames":";Xinhua_Hong_Kong;House_Court;House_Court;", "OBJECTID":1367}}