{"type":"Feature", "geometry":{"type":"Point", "coordinates":[114.167, 22.25]}, "properties":{"urlpubtimedate":"2017-05-24T06:00:00Z", "name":"Hong Kong", "urltone":0, "domain":"hkcna.hk", "urllangcode":"zho", "urlsocialimage":"", "url":"http://www.hkcna.hk/content/2017/0524/575098.shtml", "geores":1, "mentionedthemes":";WB_698_TRADE;WB_1979_NATURAL_RESOURCE_MANAGEMENT;WB_435_AGRICULTURE_AND_FOOD_SECURITY;WB_1986_MOUNTAINS;TAX_ECON_PRICE;TAX_ECON_PRICE;TAX_ECON_PRICE;NEGOTIATIONS;", "mentionednames":";Qian_Tung;", "OBJECTID":1371}}