{"type":"Feature", "geometry":{"type":"Point", "coordinates":[30, 27]}, "properties":{"urlpubtimedate":"2017-05-24T06:00:00Z", "name":"Egypt", "urltone":-7.79, "domain":"eurasiareview.com", "urllangcode":"eng", "urlsocialimage":"https://i0.wp.com/www.eurasiareview.com/wp-content/uploads/2015/08/sisi.jpg?fit=825%2C510", "url":"http://www.eurasiareview.com/24052017-egypt-rights-lawyer-detained-over-handing-over-islands-to-saudi-arabia/", "geores":1, "mentionedthemes":";GENERAL_GOVERNMENT;EPU_POLICY_GOVERNMENT;TAX_FNCACT_CANDIDATE;EPU_POLICY_POLITICAL;TRIAL;TAX_FNCACT_LAWYER;ARREST;CRISISLEX_C07_SAFETY;TAX_ETHNICITY_RUSSIAN;TAX_WORLDLANGUAGES_RUSSIAN;", "mentionednames":";Information_Office;Russian_Presidential;", "OBJECTID":1373}}