{"type":"Feature", "geometry":{"type":"Point", "coordinates":[30, 27]}, "properties":{"urlpubtimedate":"2017-05-24T06:00:00Z", "name":"Egypt", "urltone":-7.79, "domain":"eurasiareview.com", "urllangcode":"eng", "urlsocialimage":"https://i0.wp.com/www.eurasiareview.com/wp-content/uploads/2015/08/sisi.jpg?fit=825%2C510", "url":"http://www.eurasiareview.com/24052017-egypt-rights-lawyer-detained-over-handing-over-islands-to-saudi-arabia/", "geores":1, "mentionedthemes":"", "mentionednames":"", "OBJECTID":1376}}