{"type":"Feature", "geometry":{"type":"Point", "coordinates":[30, 27]}, "properties":{"urlpubtimedate":"2017-05-24T06:00:00Z", "name":"Egypt", "urltone":-7.79, "domain":"eurasiareview.com", "urllangcode":"eng", "urlsocialimage":"https://i0.wp.com/www.eurasiareview.com/wp-content/uploads/2015/08/sisi.jpg?fit=825%2C510", "url":"http://www.eurasiareview.com/24052017-egypt-rights-lawyer-detained-over-handing-over-islands-to-saudi-arabia/", "geores":1, "mentionedthemes":";CRISISLEX_CRISISLEXREC;BAN;JIHAD;TERROR;ARMEDCONFLICT;INSURGENCY;WB_2433_CONFLICT_AND_VIOLENCE;WB_2464_INSURGENCY;WB_2462_POLITICAL_VIOLENCE_AND_WAR;TAX_FNCACT_CHIEF;MILITARY;LEADER;TAX_FNCACT_PRESIDENT;ELECTION;", "mentionednames":"", "OBJECTID":1378}}