{"type":"Feature", "geometry":{"type":"Point", "coordinates":[39.5, 19]}, "properties":{"urlpubtimedate":"2017-05-24T06:00:00Z", "name":"Red Sea, Djibouti (General), Djibouti", "urltone":-7.79, "domain":"eurasiareview.com", "urllangcode":"eng", "urlsocialimage":"https://i0.wp.com/www.eurasiareview.com/wp-content/uploads/2015/08/sisi.jpg?fit=825%2C510", "url":"http://www.eurasiareview.com/24052017-egypt-rights-lawyer-detained-over-handing-over-islands-to-saudi-arabia/", "geores":3, "mentionedthemes":";BAN;GENERAL_GOVERNMENT;EPU_POLICY_GOVERNMENT;UNREST_CRACKDOWN;TRIAL;TAX_FNCACT_LAWYER;WB_696_PUBLIC_SECTOR_MANAGEMENT;WB_840_JUSTICE;WB_1014_CRIMINAL_JUSTICE;UNGP_FORESTS_RIVERS_OCEANS;TAX_WORLDLANGUAGES_TIRAN;WB_2495_DETENTION_PRISON_AND_CORRECTIONS_REFORM;WB_2470_PEACE_OPERATIONS_AND_CONFLICT_MANAGEMENT;WB_2432_FRAGILITY_CONFLICT_AND_VIOLENCE;WB_2490_NATIONAL_PROTECTION_AND_SECURITY;LEADER;TAX_FNCACT_PRESIDENT;ELECTION;ELECTION;TAX_FNCACT_INCUMBENT;", "mentionednames":";Abdel_Fattah_Al-Sisi;", "OBJECTID":1379}}