{"type":"Feature", "geometry":{"type":"Point", "coordinates":[31.1702, 30.2203]}, "properties":{"urlpubtimedate":"2017-05-24T06:00:00Z", "name":"Sanafir, Al Qalyubiyah, Egypt", "urltone":-7.79, "domain":"eurasiareview.com", "urllangcode":"eng", "urlsocialimage":"https://i0.wp.com/www.eurasiareview.com/wp-content/uploads/2015/08/sisi.jpg?fit=825%2C510", "url":"http://www.eurasiareview.com/24052017-egypt-rights-lawyer-detained-over-handing-over-islands-to-saudi-arabia/", "geores":3, "mentionedthemes":";BAN;GENERAL_GOVERNMENT;EPU_POLICY_GOVERNMENT;TRIAL;TAX_FNCACT_LAWYER;UNGP_FORESTS_RIVERS_OCEANS;TAX_FNCACT_CHIEF;MILITARY;TAX_WORLDLANGUAGES_TIRAN;LEADER;TAX_FNCACT_PRESIDENT;ELECTION;ELECTION;TAX_FNCACT_INCUMBENT;", "mentionednames":";Abdel_Fattah_Al-Sisi;", "OBJECTID":1380}}