{"type":"Feature", "geometry":{"type":"Point", "coordinates":[45, 25]}, "properties":{"urlpubtimedate":"2017-05-24T06:00:00Z", "name":"Saudi Arabia", "urltone":-7.79, "domain":"eurasiareview.com", "urllangcode":"eng", "urlsocialimage":"https://i0.wp.com/www.eurasiareview.com/wp-content/uploads/2015/08/sisi.jpg?fit=825%2C510", "url":"http://www.eurasiareview.com/24052017-egypt-rights-lawyer-detained-over-handing-over-islands-to-saudi-arabia/", "geores":1, "mentionedthemes":";GENERAL_GOVERNMENT;EPU_POLICY_GOVERNMENT;TAX_FNCACT_CANDIDATE;EPU_POLICY_POLITICAL;EPU_POLICY_POLITICAL;TRIAL;TAX_FNCACT_LAWYER;WB_696_PUBLIC_SECTOR_MANAGEMENT;WB_840_JUSTICE;WB_1014_CRIMINAL_JUSTICE;WB_696_PUBLIC_SECTOR_MANAGEMENT;WB_840_JUSTICE;WB_1014_CRIMINAL_JUSTICE;WB_2495_DETENTION_PRISON_AND_CORRECTIONS_REFORM;WB_2470_PEACE_OPERATIONS_AND_CONFLICT_MANAGEMENT;WB_2432_FRAGILITY_CONFLICT_AND_VIOLENCE;WB_2490_NATIONAL_PROTECTION_AND_SECURITY;ARREST;CRISISLEX_C07_SAFETY;TAX_ETHNICITY_RUSSIAN;TAX_WORLDLANGUAGES_RUSSIAN;USPEC_POLITICS_GENERAL1;TAX_FNCACT_OFFICIAL;TAX_FNCACT_OFFICIAL;", "mentionednames":";Khaled_Ali;Information_Office;Russian_Presidential;", "OBJECTID":1381}}