{"type":"Feature", "geometry":{"type":"Point", "coordinates":[76, 13.5]}, "properties":{"urlpubtimedate":"2017-05-24T06:00:00Z", "name":"Karnataka, Karnataka, India", "urltone":-4.34, "domain":"ciudadccs.info", "urllangcode":"spa", "urlsocialimage":"", "url":"http://ciudadccs.info/2017/05/24/un-intocable/", "geores":2, "mentionedthemes":";TAX_ETHNICITY_INDIAN;TAX_RELIGION_HINDU;TAX_ETHNICITY_HINDU;TAX_RELIGION_HINDU;TAX_ETHNICITY_HINDU;EDUCATION;WB_470_EDUCATION;TAX_FNCACT_POET;", "mentionednames":";Indian_Mudnakudu_Chinnaswamy;Mudnakudu_Chinnaswamy;", "OBJECTID":1383}}