{"type":"Feature", "geometry":{"type":"Point", "coordinates":[87.0833, 22.1667]}, "properties":{"urlpubtimedate":"2017-05-24T06:00:00Z", "name":"Rohini, West Bengal, India", "urltone":6.04, "domain":"patrika.com", "urllangcode":"hin", "urlsocialimage":"http://img.patrika.com/upload/images/2017/05/23/RS-1,-SHANI-JAYENTI-KI-TAIYARI-PURANA-BUS-STEND-KE-PAS-HANUMAN-MANDIR-PARISER--CMYK-1495566863.jpg", "url":"http://www.patrika.com/news/bilaspur/people-of-peepal-banyan-tree-will-be-worshiped-in-the-event-of-shani-jayanti-and-vat-savitri-amavasya-1585146/", "geores":3, "mentionedthemes":"", "mentionednames":"", "OBJECTID":1390}}