{"type":"Feature", "geometry":{"type":"Point", "coordinates":[77.2, 28.6]}, "properties":{"urlpubtimedate":"2017-05-24T06:00:00Z", "name":"New Delhi, Delhi, India", "urltone":4.84, "domain":"khaskhabar.com", "urllangcode":"hin", "urlsocialimage":"https://s3-ap-southeast-1.amazonaws.com/khaskhabar/khaskhabarimages/img500/silver-medalist-jayawanti-meets-cm-24-1495602517-217432-khaskhabar.jpg", "url":"http://www.khaskhabar.com/local/himachal-pradesh/shimla-news/news-silver-medalist-jayawanti-meets-cm-news-hindi-1-217432-KKN.html", "geores":3, "mentionedthemes":"", "mentionednames":";Virbhadra_Singh;Indian_International;", "OBJECTID":1392}}