{"type":"Feature", "geometry":{"type":"Point", "coordinates":[8.55, 47.3667]}, "properties":{"urlpubtimedate":"2017-05-24T06:00:00Z", "name":"Zurich, ZüSz, Switzerland", "urltone":1.32, "domain":"nos.nl", "urllangcode":"nld", "urlsocialimage":"https://nos.nl/data/image/2017/05/24/386059/xxl.jpg", "url":"http://nos.nl/artikel/2174706-arnhem-experimenteert-met-rijden-op-stroom-van-remmende-trolleybussen.html", "geores":3, "mentionedthemes":";TAX_ETHNICITY_GERMAN;TAX_WORLDLANGUAGES_GERMAN;", "mentionednames":"", "OBJECTID":1395}}