{"type":"Feature", "geometry":{"type":"Point", "coordinates":[8, 47]}, "properties":{"urlpubtimedate":"2017-05-24T06:00:00Z", "name":"Switzerland", "urltone":1.32, "domain":"nos.nl", "urllangcode":"nld", "urlsocialimage":"https://nos.nl/data/image/2017/05/24/386059/xxl.jpg", "url":"http://nos.nl/artikel/2174706-arnhem-experimenteert-met-rijden-op-stroom-van-remmende-trolleybussen.html", "geores":1, "mentionedthemes":";TAX_ETHNICITY_GERMAN;TAX_WORLDLANGUAGES_GERMAN;WB_2936_GOLD;WB_507_ENERGY_AND_EXTRACTIVES;WB_895_MINING_SYSTEMS;WB_1699_METAL_ORE_MINING;", "mentionednames":"", "OBJECTID":1396}}