{"type":"Feature", "geometry":{"type":"Point", "coordinates":[6.55, 53.2167]}, "properties":{"urlpubtimedate":"2017-05-24T06:00:00Z", "name":"Groningen, Groningen, Netherlands", "urltone":1.32, "domain":"nos.nl", "urllangcode":"nld", "urlsocialimage":"https://nos.nl/data/image/2017/05/24/386059/xxl.jpg", "url":"http://nos.nl/artikel/2174706-arnhem-experimenteert-met-rijden-op-stroom-van-remmende-trolleybussen.html", "geores":3, "mentionedthemes":";EDUCATION;TAX_FNCACT_PROFESSOR;WB_525_RENEWABLE_ENERGY;WB_528_SOLAR_ENERGY;ENV_SOLAR;SOC_POINTSOFINTEREST_UNIVERSITY;UNGP_FORESTS_RIVERS_OCEANS;", "mentionednames":";University_Groningen;", "OBJECTID":1398}}