{"type":"Feature", "geometry":{"type":"Point", "coordinates":[-2.2167, 53.5]}, "properties":{"urlpubtimedate":"2017-05-24T06:00:00Z", "name":"Manchester, Manchester, United Kingdom", "urltone":-3.41, "domain":"rtbf.be", "urllangcode":"fra", "urlsocialimage":"https://ds1.static.rtbf.be/article/image/1248x702/5/d/e/712a4ee3c24aa1285948c1e3771df8dded4e4c8d.jpg", "url":"https://www.rtbf.be/info/monde/detail_le-suspect-de-manchester-un-etudiant-reserve-issu-d-un-quartier-modeste?id=9615589", "geores":3, "mentionedthemes":";TAX_FNCACT_STUDENT;TAX_FNCACT_STUDENT;SOC_SUICIDE;CRISISLEX_CRISISLEXREC;TERROR;SUICIDE_ATTACK;TAX_WEAPONS_SUICIDE_BOMBER;KILL;CRISISLEX_T03_DEAD;", "mentionednames":"", "OBJECTID":14}}