{"type":"Feature", "geometry":{"type":"Point", "coordinates":[18.5, -12.5]}, "properties":{"urlpubtimedate":"2017-05-24T06:00:00Z", "name":"Angola", "urltone":-1.92, "domain":"unitaangola.org", "urllangcode":"por", "urlsocialimage":"", "url":"http://www.unitaangola.org/PT/affiartinouv4.awp?pArticle=11981&AWPIDA93CD5D0=EB72A8516454E53F7672D9D1F195936B5160F35B", "geores":1, "mentionedthemes":";MANMADE_DISASTER_IMPLIED;MOVEMENT_GENERAL;TAX_ETHNICITY_PORTUGUESE;TAX_WORLDLANGUAGES_PORTUGUESE;WB_2465_REVOLUTIONARY_VIOLENCE;WB_2462_POLITICAL_VIOLENCE_AND_WAR;TAX_FNCACT_REPRESENTATIVES;TAX_FNCACT_REPRESENTATIVES;MILITARY;USPEC_POLICY1;EPU_POLICY_POLICY;", "mentionednames":";Movement_The_Forces;", "OBJECTID":140}}