{"type":"Feature", "geometry":{"type":"Point", "coordinates":[9.9167, 47.25]}, "properties":{"urlpubtimedate":"2017-05-24T06:00:00Z", "name":"Vorarlberg, Vorarlberg, Austria", "urltone":1.71, "domain":"vol.at", "urllangcode":"deu", "urlsocialimage":"http://cdn1.vol.at/2017/05/Heukartoffel-pflanzen_2017-39-650x435.jpg", "url":"http://www.vol.at/uebersaxen/kartoffeln-pflanzen-im-kinder-garten/5296516", "geores":2, "mentionedthemes":";TAX_FOODSTAPLES_MEAT;TAX_FNCACT_CHILD;", "mentionednames":"", "OBJECTID":1405}}