{"type":"Feature", "geometry":{"type":"Point", "coordinates":[18.05, 59.3333]}, "properties":{"urlpubtimedate":"2017-05-24T06:00:00Z", "name":"Stockholm, Stockholm, Sweden", "urltone":3.77, "domain":"4-traders.com", "urllangcode":"eng", "urlsocialimage":"", "url":"http://www.4-traders.com/ELEKTA-AB-PUBL-6491415/news/Elekta-publ-University-Medical-Centre-Utrecht-treats-first-cancer-patient-with-Elekta-Unity-24475704/", "geores":3, "mentionedthemes":";TAX_ETHNICITY_ENGLISH;TAX_WORLDLANGUAGES_ENGLISH;ECON_STOCKMARKET;TAX_ECON_PRICE;", "mentionednames":";Nasdaq;", "OBJECTID":1407}}