{"type":"Feature", "geometry":{"type":"Point", "coordinates":[5.1191, 52.0938]}, "properties":{"urlpubtimedate":"2017-05-24T06:00:00Z", "name":"Utrecht, Utrecht, Netherlands", "urltone":3.77, "domain":"4-traders.com", "urllangcode":"eng", "urlsocialimage":"", "url":"http://www.4-traders.com/ELEKTA-AB-PUBL-6491415/news/Elekta-publ-University-Medical-Centre-Utrecht-treats-first-cancer-patient-with-Elekta-Unity-24475704/", "geores":3, "mentionedthemes":";GENERAL_HEALTH;MEDICAL;CRISISLEX_C03_WELLBEING_HEALTH;GENERAL_HEALTH;MEDICAL;CRISISLEX_C03_WELLBEING_HEALTH;TAX_DISEASE_CANCER;WB_1406_DISEASES;WB_1431_CANCER;WB_621_HEALTH_NUTRITION_AND_POPULATION;WB_1427_NON_COMMUNICABLE_DISEASE_AND_INJURY;EDUCATION;SOC_POINTSOFINTEREST_UNIVERSITY;EDUCATION;SOC_POINTSOFINTEREST_UNIVERSITY;", "mentionednames":";University_Medical_Centre_Utrecht;University_Medical_Centre;University_Medical_Centre;", "OBJECTID":1409}}