{"type":"Feature", "geometry":{"type":"Point", "coordinates":[5.1191, 52.0938]}, "properties":{"urlpubtimedate":"2017-05-24T06:00:00Z", "name":"Utrecht, Utrecht, Netherlands", "urltone":3.77, "domain":"4-traders.com", "urllangcode":"eng", "urlsocialimage":"", "url":"http://www.4-traders.com/ELEKTA-AB-PUBL-6491415/news/Elekta-publ-University-Medical-Centre-Utrecht-treats-first-cancer-patient-with-Elekta-Unity-24475704/", "geores":3, "mentionedthemes":";TAX_FNCACT_LEADERS;TAX_DISEASE_TUMOR;TAX_DISEASE_CONVENTIONAL;", "mentionednames":"", "OBJECTID":1414}}