{"type":"Feature", "geometry":{"type":"Point", "coordinates":[106.63, -6.1781]}, "properties":{"urlpubtimedate":"2017-05-24T06:00:00Z", "name":"Tangerang, Jawa Barat, Indonesia", "urltone":3.3, "domain":"inilah.com", "urllangcode":"ind", "urlsocialimage":"http://static.inilah.com/data/berita/foto/2380828.jpg", "url":"http://m.inilah.com/news/detail/2380828/bandara-soetta-terima-1907-penerbangan-tambahan", "geores":3, "mentionedthemes":";SOC_POINTSOFINTEREST_AIRPORT;WB_135_TRANSPORT;WB_1803_TRANSPORT_INFRASTRUCTURE;WB_1804_AIRPORTS;SOC_POINTSOFINTEREST_AIRPORT;WB_135_TRANSPORT;WB_1803_TRANSPORT_INFRASTRUCTURE;WB_1804_AIRPORTS;SOC_POINTSOFINTEREST_AIRPORT;WB_135_TRANSPORT;WB_1803_TRANSPORT_INFRASTRUCTURE;WB_1804_AIRPORTS;SOC_POINTSOFINTEREST_AIRPORT;WB_135_TRANSPORT;WB_1803_TRANSPORT_INFRASTRUCTURE;WB_1804_AIRPORTS;USPEC_POLITICS_GENERAL1;", "mentionednames":";Office_Branch_Main_Airport_Soekarno-Hatta;", "OBJECTID":1417}}