{"type":"Feature", "geometry":{"type":"Point", "coordinates":[20, 47]}, "properties":{"urlpubtimedate":"2017-05-24T06:00:00Z", "name":"Hungary", "urltone":-1.4, "domain":"easttexasmatters.com", "urllangcode":"eng", "urlsocialimage":"http://static.lakana.com/nxsglobal/feedsite/photo/2016/03/30/Grilled%20chicken_13379044_17411583_ver1.0_640_360.jpg", "url":"http://www.easttexasmatters.com/news/parmesan-chicken/720228506", "geores":1, "mentionedthemes":";TAX_ETHNICITY_HUNGARIAN;TAX_WORLDLANGUAGES_HUNGARIAN;TAX_FOODSTAPLES_OLIVE_OIL;TAX_FOODSTAPLES_WHEAT;TAX_FOODSTAPLES_WHEAT;", "mentionednames":"", "OBJECTID":1418}}