{"type":"Feature", "geometry":{"type":"Point", "coordinates":[151.217, -33.8833]}, "properties":{"urlpubtimedate":"2017-05-24T06:00:00Z", "name":"Sydney, New South Wales, Australia", "urltone":-9.86, "domain":"hd.se", "urllangcode":"swe", "urlsocialimage":"https://www.hd.se/images/TDOGu4wsNAsWcVm5-k-ejMbJO1o.jpg", "url":"https://www.hd.se/2017-05-24/polisen-kritiseras-for-gisslandramat-i-sydney", "geores":3, "mentionedthemes":";CRISISLEX_CRISISLEXREC;CRISISLEX_T08_MISSINGFOUNDTRAPPEDPEOPLE;KILL;CRISISLEX_T03_DEAD;TAX_FNCACT_MANAGER;KIDNAP;KIDNAP;KIDNAP;KIDNAP;WB_2024_ANTI_CORRUPTION_AUTHORITIES;WB_696_PUBLIC_SECTOR_MANAGEMENT;WB_840_JUSTICE;WB_2025_INVESTIGATION;WB_831_GOVERNANCE;WB_832_ANTI_CORRUPTION;WB_1014_CRIMINAL_JUSTICE;TAX_FNCACT_CULPRIT;SECURITY_SERVICES;TAX_FNCACT_POLICE;CRISISLEX_C07_SAFETY;SECURITY_SERVICES;TAX_FNCACT_POLICE;CRISISLEX_C07_SAFETY;SECURITY_SERVICES;TAX_FNCACT_POLICE;CRISISLEX_C07_SAFETY;SECURITY_SERVICES;TAX_FNCACT_POLICE;CRISISLEX_C07_SAFETY;TAX_ETHNICITY_AUSTRALIAN;", "mentionednames":";Wales_Barnes;", "OBJECTID":1421}}