{"type":"Feature", "geometry":{"type":"Point", "coordinates":[-2, 54]}, "properties":{"urlpubtimedate":"2017-05-24T06:00:00Z", "name":"United Kingdom", "urltone":-6.59, "domain":"cross.bg", "urllangcode":"bul", "urlsocialimage":"http://www.cross.bg/photo_new_gallery/2017/05/24/9f17659a93f08245e7590e3020e04591.jpg", "url":"http://www.cross.bg/manchestur-hilyadi-atakata-1543909.html", "geores":1, "mentionedthemes":";UNGP_FORESTS_RIVERS_OCEANS;TERROR;ARMEDCONFLICT;CRISISLEX_CRISISLEXREC;CRISISLEX_C07_SAFETY;UNREST_BELLIGERENT;", "mentionednames":";Teresa_May;", "OBJECTID":1426}}