{"type":"Feature", "geometry":{"type":"Point", "coordinates":[-2.2167, 53.5]}, "properties":{"urlpubtimedate":"2017-05-24T06:00:00Z", "name":"Manchester, Manchester, United Kingdom", "urltone":-6.59, "domain":"cross.bg", "urllangcode":"bul", "urlsocialimage":"http://www.cross.bg/photo_new_gallery/2017/05/24/9f17659a93f08245e7590e3020e04591.jpg", "url":"http://www.cross.bg/manchestur-hilyadi-atakata-1543909.html", "geores":3, "mentionedthemes":";TAX_FNCACT_STRIKER;TAX_FNCACT_VICTIMS;CRISISLEX_T08_MISSINGFOUNDTRAPPEDPEOPLE;TAX_FNCACT_VICTIMS;CRISISLEX_T08_MISSINGFOUNDTRAPPEDPEOPLE;TERROR;ARMEDCONFLICT;CRISISLEX_CRISISLEXREC;CRISISLEX_CRISISLEXREC;RECRUITMENT;WB_1973_FINANCIAL_RISK_REDUCTION;WB_435_AGRICULTURE_AND_FOOD_SECURITY;WB_337_INSURANCE;WB_1967_AGRICULTURAL_RISK_AND_SECURITY;KILL;CRISISLEX_T03_DEAD;CRISISLEX_C07_SAFETY;SECURITY_SERVICES;TAX_FNCACT_POLICE;SECURITY_SERVICES;TAX_FNCACT_POLICE;TAX_FNCACT_CITIZEN;UNREST_BELLIGERENT;", "mentionednames":"", "OBJECTID":1433}}