{"type":"Feature", "geometry":{"type":"Point", "coordinates":[2.3333, 48.8667]}, "properties":{"urlpubtimedate":"2017-05-24T06:00:00Z", "name":"Paris, France (General), France", "urltone":-6.59, "domain":"cross.bg", "urllangcode":"bul", "urlsocialimage":"http://www.cross.bg/photo_new_gallery/2017/05/24/9f17659a93f08245e7590e3020e04591.jpg", "url":"http://www.cross.bg/manchestur-hilyadi-atakata-1543909.html", "geores":3, "mentionedthemes":";MANMADE_DISASTER_IMPLIED;TAX_FNCACT_VICTIMS;CRISISLEX_T08_MISSINGFOUNDTRAPPEDPEOPLE;TAX_FNCACT_VICTIMS;CRISISLEX_T08_MISSINGFOUNDTRAPPEDPEOPLE;CRISISLEX_CRISISLEXREC;CRISISLEX_CRISISLEXREC;RECRUITMENT;KILL;CRISISLEX_T03_DEAD;TAX_ETHNICITY_ARAB;", "mentionednames":"", "OBJECTID":1435}}