{"type":"Feature", "geometry":{"type":"Point", "coordinates":[13.4, 52.5167]}, "properties":{"urlpubtimedate":"2017-05-24T06:00:00Z", "name":"Berlin, Berlin, Germany", "urltone":-4.5, "domain":"maville.com", "urllangcode":"fra", "urlsocialimage":"https://mvistatic.com/photosmvi/2017/05/24/P1D3208503G.jpg", "url":"http://www.laseyne.maville.com/actu/actudet_-attentat-de-manchester.-le-point-sur-l-enquete-ce-mercredi-matin_fil-3208503_actu.Htm", "geores":3, "mentionedthemes":";EXTREMISM;ARMEDCONFLICT;SOC_SUICIDE;TAX_RELIGION_ISLAMIC;CRISISLEX_CRISISLEXREC;TERROR;SUICIDE_ATTACK;TAX_WEAPONS_SUICIDE_BOMBER;CLAIM_CREDIT;ACT_MAKESTATEMENT;SECURITY_SERVICES;TAX_FNCACT_POLICE;CRISISLEX_C07_SAFETY;WB_135_TRANSPORT;", "mentionednames":"", "OBJECTID":1439}}