{"type":"Feature", "geometry":{"type":"Point", "coordinates":[17, 25]}, "properties":{"urlpubtimedate":"2017-05-24T06:00:00Z", "name":"Libya", "urltone":-4.5, "domain":"maville.com", "urllangcode":"fra", "urlsocialimage":"https://mvistatic.com/photosmvi/2017/05/24/P1D3208503G.jpg", "url":"http://www.laseyne.maville.com/actu/actudet_-attentat-de-manchester.-le-point-sur-l-enquete-ce-mercredi-matin_fil-3208503_actu.Htm", "geores":1, "mentionedthemes":";TAX_RELIGION_ISLAMIC;WB_678_DIGITAL_GOVERNMENT;WB_694_BROADCAST_AND_MEDIA;WB_133_INFORMATION_AND_COMMUNICATION_TECHNOLOGIES;TAX_FNCACT_FATHER;TAX_FNCACT_SPOKESMAN;CRISISLEX_T01_CAUTION_ADVICE;TAX_RELIGION_MOSQUE;", "mentionednames":";Salman_Abedi;Salman_Abedi;Salman_Abedi_Fallowfield;Muammar_Gaddafi;Abdalla_Yousef;", "OBJECTID":1440}}