{"type":"Feature", "geometry":{"type":"Point", "coordinates":[17, 25]}, "properties":{"urlpubtimedate":"2017-05-24T06:00:00Z", "name":"Libya", "urltone":-4.5, "domain":"maville.com", "urllangcode":"fra", "urlsocialimage":"https://mvistatic.com/photosmvi/2017/05/24/P1D3208503G.jpg", "url":"http://www.laseyne.maville.com/actu/actudet_-attentat-de-manchester.-le-point-sur-l-enquete-ce-mercredi-matin_fil-3208503_actu.Htm", "geores":1, "mentionedthemes":";TAX_RELIGION_ISLAMIC;CLAIM_CREDIT;ACT_MAKESTATEMENT;SECURITY_SERVICES;TAX_FNCACT_POLICE;CRISISLEX_C07_SAFETY;TAX_FNCACT_SPOKESMAN;WB_2433_CONFLICT_AND_VIOLENCE;WB_2432_FRAGILITY_CONFLICT_AND_VIOLENCE;TAX_RELIGION_MOSQUE;", "mentionednames":";Muammar_Gaddafi;Abdalla_Yousef;", "OBJECTID":1441}}