{"type":"Feature", "geometry":{"type":"Point", "coordinates":[-2, 54]}, "properties":{"urlpubtimedate":"2017-05-24T06:00:00Z", "name":"United Kingdom", "urltone":-4.5, "domain":"maville.com", "urllangcode":"fra", "urlsocialimage":"https://mvistatic.com/photosmvi/2017/05/24/P1D3208503G.jpg", "url":"http://www.laseyne.maville.com/actu/actudet_-attentat-de-manchester.-le-point-sur-l-enquete-ce-mercredi-matin_fil-3208503_actu.Htm", "geores":1, "mentionedthemes":";WB_1305_HEALTH_SERVICES_DELIVERY;WB_621_HEALTH_NUTRITION_AND_POPULATION;SOC_SUICIDE;TAX_FNCACT_SINGER;KILL;CRISISLEX_T02_INJURED;CRISISLEX_T03_DEAD;CRISISLEX_C03_WELLBEING_HEALTH;TAX_WORLDLANGUAGES_ARIANA;TAX_ETHNICITY_AMERICAN;MEDICAL;TERROR;SUICIDE_ATTACK;TAX_WEAPONS_SUICIDE_BOMBER;SECURITY_SERVICES;TAX_FNCACT_POLICE;CRISISLEX_C07_SAFETY;WB_135_TRANSPORT;WOUND;GENERAL_HEALTH;TAX_FNCACT_VICTIMS;CRISISLEX_T08_MISSINGFOUNDTRAPPEDPEOPLE;TAX_FNCACT_CHILDREN;", "mentionednames":";Salman_Abedi;Ariana_Manchester;", "OBJECTID":1446}}