{"type":"Feature", "geometry":{"type":"Point", "coordinates":[-2, 54]}, "properties":{"urlpubtimedate":"2017-05-24T06:00:00Z", "name":"United Kingdom", "urltone":-4.5, "domain":"maville.com", "urllangcode":"fra", "urlsocialimage":"https://mvistatic.com/photosmvi/2017/05/24/P1D3208503G.jpg", "url":"http://www.laseyne.maville.com/actu/actudet_-attentat-de-manchester.-le-point-sur-l-enquete-ce-mercredi-matin_fil-3208503_actu.Htm", "geores":1, "mentionedthemes":";TAX_FNCACT_LEADERS;SOC_SUICIDE;TAX_FNCACT_COMMISSIONER;CRISISLEX_CRISISLEXREC;CRISISLEX_CRISISLEXREC;SECURITY_SERVICES;TAX_FNCACT_POLICE;CRISISLEX_C07_SAFETY;SECURITY_SERVICES;TAX_FNCACT_POLICE;CRISISLEX_C07_SAFETY;TAX_FNCACT_MAN;TAX_FNCACT_MAN;", "mentionednames":";Salman_Abedi;Ian_Hopkins;Police_Ian_Hopkins;", "OBJECTID":1447}}